,record_id,verified,rule_results,rule_assignment
0,record_1,true,"{""rule_1"":[""a"",""c""],""rule_2"":[""b"",""c""]}","{""rule_1"":""a"",""rule_2"":""b""}"
1,record_10,false,"{""rule_1"":[],""rule_2"":[]}",{}
2,record_100,true,"{""rule_1"":[""a"",""b""],""rule_2"":[""b"",""e""]}","{""rule_1"":""a"",""rule_2"":""b""}"
3,record_1000,false,"{""rule_1"":[],""rule_2"":[]}",{}
4,record_101,true,"{""rule_1"":[""d""],""rule_2"":[""g""]}","{""rule_1"":""d"",""rule_2"":""g""}"
5,record_102,false,"{""rule_1"":[""c""],""rule_2"":[]}",{}
6,record_103,false,"{""rule_1"":[],""rule_2"":[""d""]}",{}
7,record_104,false,"{""rule_1"":[""b"",""c""],""rule_2"":[]}",{}
8,record_105,true,"{""rule_1"":[""b"",""c""],""rule_2"":[""b""]}","{""rule_1"":""c"",""rule_2"":""b""}"
9,record_106,false,"{""rule_1"":[],""rule_2"":[""d""]}",{}
10,record_107,true,"{""rule_1"":[""a"",""c""],""rule_2"":[""g""]}","{""rule_1"":""a"",""rule_2"":""g""}"
11,record_108,false,"{""rule_1"":[""b""],""rule_2"":[]}",{}
12,record_109,false,"{""rule_1"":[],""rule_2"":[""c""]}",{}
13,record_11,false,"{""rule_1"":[],""rule_2"":[""g""]}",{}
14,record_110,false,"{""rule_1"":[""a"",""c""],""rule_2"":[]}",{}
15,record_111,false,"{""rule_1"":[],""rule_2"":[""b""]}",{}
16,record_112,true,"{""rule_1"":[""c""],""rule_2"":[""b""]}","{""rule_1"":""c"",""rule_2"":""b""}"
17,record_113,true,"{""rule_1"":[""a"",""b""],""rule_2"":[""d""]}","{""rule_1"":""a"",""rule_2"":""d""}"
18,record_114,false,"{""rule_1"":[""b""],""rule_2"":[""b""]}",{}
19,record_115,false,"{""rule_1"":[""d""],""rule_2"":[]}",{}
20,record_116,true,"{""rule_1"":[""c"",""d""],""rule_2"":[""a""]}","{""rule_1"":""c"",""rule_2"":""a""}"
21,record_117,true,"{""rule_1"":[""b"",""c""],""rule_2"":[""c""]}","{""rule_1"":""b"",""rule_2"":""c""}"
22,record_118,true,"{""rule_1"":[""c""],""rule_2"":[""b"",""c"",""d""]}","{""rule_1"":""c"",""rule_2"":""b""}"
23,record_119,true,"{""rule_1"":[""d"",""g""],""rule_2"":[""c"",""g""]}","{""rule_1"":""d"",""rule_2"":""c""}"
24,record_12,true,"{""rule_1"":[""c""],""rule_2"":[""b"",""c"",""d""]}","{""rule_1"":""c"",""rule_2"":""b""}"
25,record_120,true,"{""rule_1"":[""a""],""rule_2"":[""b"",""c"",""d""]}","{""rule_1"":""a"",""rule_2"":""b""}"
26,record_121,false,"{""rule_1"":[],""rule_2"":[""g""]}",{}
27,record_122,true,"{""rule_1"":[""c""],""rule_2"":[""b"",""g""]}","{""rule_1"":""c"",""rule_2"":""b""}"
28,record_123,false,"{""rule_1"":[""c""],""rule_2"":[]}",{}
29,record_124,true,"{""rule_1"":[""b""],""rule_2"":[""c""]}","{""rule_1"":""b"",""rule_2"":""c""}"
30,record_125,true,"{""rule_1"":[""a""],""rule_2"":[""d""]}","{""rule_1"":""a"",""rule_2"":""d""}"
31,record_126,false,"{""rule_1"":[""a""],""rule_2"":[]}",{}
32,record_127,true,"{""rule_1"":[""d""],""rule_2"":[""b""]}","{""rule_1"":""d"",""rule_2"":""b""}"
33,record_128,false,"{""rule_1"":[],""rule_2"":[]}",{}
34,record_129,false,"{""rule_1"":[""c"",""d""],""rule_2"":[]}",{}
35,record_13,false,"{""rule_1"":[],""rule_2"":[""b""]}",{}
36,record_130,false,"{""rule_1"":[],""rule_2"":[]}",{}
37,record_131,true,"{""rule_1"":[""c""],""rule_2"":[""c"",""d"",""g""]}","{""rule_1"":""c"",""rule_2"":""d""}"
38,record_132,true,"{""rule_1"":[""c"",""d""],""rule_2"":[""b"",""c""]}","{""rule_1"":""c"",""rule_2"":""b""}"
39,record_133,true,"{""rule_1"":[""a""],""rule_2"":[""c"",""d""]}","{""rule_1"":""a"",""rule_2"":""c""}"
40,record_134,false,"{""rule_1"":[],""rule_2"":[]}",{}
41,record_135,false,"{""rule_1"":[],""rule_2"":[""f"",""g""]}",{}
42,record_136,true,"{""rule_1"":[""d""],""rule_2"":[""b"",""d""]}","{""rule_1"":""d"",""rule_2"":""b""}"
43,record_137,false,"{""rule_1"":[],""rule_2"":[""b""]}",{}
44,record_138,false,"{""rule_1"":[],""rule_2"":[]}",{}
45,record_139,true,"{""rule_1"":[""a"",""c""],""rule_2"":[""c""]}","{""rule_1"":""a"",""rule_2"":""c""}"
46,record_14,true,"{""rule_1"":[""b"",""c""],""rule_2"":[""c"",""g""]}","{""rule_1"":""b"",""rule_2"":""c""}"
47,record_140,true,"{""rule_1"":[""c""],""rule_2"":[""b"",""c""]}","{""rule_1"":""c"",""rule_2"":""b""}"
48,record_141,false,"{""rule_1"":[],""rule_2"":[]}",{}
49,record_142,true,"{""rule_1"":[""a"",""c"",""d""],""rule_2"":[""c""]}","{""rule_1"":""a"",""rule_2"":""c""}"
50,record_143,false,"{""rule_1"":[""a"",""d""],""rule_2"":[]}",{}
51,record_144,false,"{""rule_1"":[],""rule_2"":[""b"",""c""]}",{}
52,record_145,true,"{""rule_1"":[""b""],""rule_2"":[""b"",""c""]}","{""rule_1"":""b"",""rule_2"":""c""}"
53,record_146,true,"{""rule_1"":[""a""],""rule_2"":[""c"",""d""]}","{""rule_1"":""a"",""rule_2"":""c""}"
54,record_147,false,"{""rule_1"":[""a"",""b"",""c""],""rule_2"":[]}",{}
55,record_148,true,"{""rule_1"":[""a"",""d""],""rule_2"":[""b"",""d""]}","{""rule_1"":""a"",""rule_2"":""b""}"
56,record_149,false,"{""rule_1"":[],""rule_2"":[]}",{}
57,record_15,true,"{""rule_1"":[""b"",""e""],""rule_2"":[""c"",""e""]}","{""rule_1"":""b"",""rule_2"":""c""}"
58,record_150,false,"{""rule_1"":[],""rule_2"":[]}",{}
59,record_151,false,"{""rule_1"":[],""rule_2"":[""c""]}",{}
60,record_152,true,"{""rule_1"":[""a"",""c""],""rule_2"":[""b""]}","{""rule_1"":""a"",""rule_2"":""b""}"
61,record_153,false,"{""rule_1"":[],""rule_2"":[""c"",""d"",""f""]}",{}
62,record_154,true,"{""rule_1"":[""e""],""rule_2"":[""c""]}","{""rule_1"":""e"",""rule_2"":""c""}"
63,record_155,true,"{""rule_1"":[""b""],""rule_2"":[""f""]}","{""rule_1"":""b"",""rule_2"":""f""}"
64,record_156,true,"{""rule_1"":[""c"",""d""],""rule_2"":[""a"",""c""]}","{""rule_1"":""c"",""rule_2"":""a""}"
65,record_157,false,"{""rule_1"":[],""rule_2"":[]}",{}
66,record_158,true,"{""rule_1"":[""d""],""rule_2"":[""b"",""e""]}","{""rule_1"":""d"",""rule_2"":""b""}"
67,record_159,false,"{""rule_1"":[""c"",""d""],""rule_2"":[]}",{}
68,record_16,false,"{""rule_1"":[""a"",""c""],""rule_2"":[]}",{}
69,record_160,false,"{""rule_1"":[],""rule_2"":[""b""]}",{}
70,record_161,true,"{""rule_1"":[""b"",""c"",""d""],""rule_2"":[""d""]}","{""rule_1"":""b"",""rule_2"":""d""}"
71,record_162,true,"{""rule_1"":[""a""],""rule_2"":[""b"",""c""]}","{""rule_1"":""a"",""rule_2"":""b""}"
72,record_163,true,"{""rule_1"":[""c"",""d""],""rule_2"":[""b"",""d"",""g""]}","{""rule_1"":""c"",""rule_2"":""b""}"
73,record_164,false,"{""rule_1"":[""c"",""d""],""rule_2"":[]}",{}
74,record_165,false,"{""rule_1"":[""c""],""rule_2"":[]}",{}
75,record_166,false,"{""rule_1"":[],""rule_2"":[]}",{}
76,record_167,true,"{""rule_1"":[""a"",""c""],""rule_2"":[""b"",""c"",""d""]}","{""rule_1"":""a"",""rule_2"":""b""}"
77,record_168,true,"{""rule_1"":[""a"",""c""],""rule_2"":[""c""]}","{""rule_1"":""a"",""rule_2"":""c""}"
78,record_169,false,"{""rule_1"":[""a"",""c""],""rule_2"":[]}",{}
79,record_17,true,"{""rule_1"":[""c"",""d""],""rule_2"":[""c""]}","{""rule_1"":""d"",""rule_2"":""c""}"
80,record_170,false,"{""rule_1"":[],""rule_2"":[""b"",""c"",""d"",""g""]}",{}
81,record_171,true,"{""rule_1"":[""c"",""e""],""rule_2"":[""d""]}","{""rule_1"":""c"",""rule_2"":""d""}"
82,record_172,false,"{""rule_1"":[""d""],""rule_2"":[""d""]}",{}
83,record_173,true,"{""rule_1"":[""a"",""d""],""rule_2"":[""a""]}","{""rule_1"":""d"",""rule_2"":""a""}"
84,record_174,false,"{""rule_1"":[],""rule_2"":[""b"",""d""]}",{}
85,record_175,true,"{""rule_1"":[""b"",""c"",""f""],""rule_2"":[""c""]}","{""rule_1"":""b"",""rule_2"":""c""}"
86,record_176,true,"{""rule_1"":[""a"",""b"",""c"",""e""],""rule_2"":[""c"",""d""]}","{""rule_1"":""a"",""rule_2"":""c""}"
87,record_177,true,"{""rule_1"":[""a"",""c""],""rule_2"":[""b"",""c""]}","{""rule_1"":""a"",""rule_2"":""b""}"
88,record_178,true,"{""rule_1"":[""c""],""rule_2"":[""d""]}","{""rule_1"":""c"",""rule_2"":""d""}"
89,record_179,false,"{""rule_1"":[],""rule_2"":[]}",{}
90,record_18,true,"{""rule_1"":[""b""],""rule_2"":[""e""]}","{""rule_1"":""b"",""rule_2"":""e""}"
91,record_180,true,"{""rule_1"":[""a"",""c"",""d""],""rule_2"":[""f""]}","{""rule_1"":""a"",""rule_2"":""f""}"
92,record_181,true,"{""rule_1"":[""c""],""rule_2"":[""b""]}","{""rule_1"":""c"",""rule_2"":""b""}"
93,record_182,false,"{""rule_1"":[],""rule_2"":[""b"",""c""]}",{}
94,record_183,true,"{""rule_1"":[""c""],""rule_2"":[""b"",""c""]}","{""rule_1"":""c"",""rule_2"":""b""}"
95,record_184,false,"{""rule_1"":[""a"",""c""],""rule_2"":[]}",{}
96,record_185,false,"{""rule_1"":[],""rule_2"":[]}",{}
97,record_186,false,"{""rule_1"":[""d""],""rule_2"":[]}",{}
98,record_187,true,"{""rule_1"":[""a"",""c""],""rule_2"":[""b"",""c""]}","{""rule_1"":""a"",""rule_2"":""b""}"
99,record_188,false,"{""rule_1"":[],""rule_2"":[]}",{}
100,record_189,true,"{""rule_1"":[""a"",""c""],""rule_2"":[""c""]}","{""rule_1"":""a"",""rule_2"":""c""}"
101,record_19,false,"{""rule_1"":[],""rule_2"":[""c"",""g""]}",{}
102,record_190,true,"{""rule_1"":[""c""],""rule_2"":[""c"",""f""]}","{""rule_1"":""c"",""rule_2"":""f""}"
103,record_191,true,"{""rule_1"":[""c""],""rule_2"":[""b"",""c""]}","{""rule_1"":""c"",""rule_2"":""b""}"
104,record_192,true,"{""rule_1"":[""a"",""c""],""rule_2"":[""c""]}","{""rule_1"":""a"",""rule_2"":""c""}"
105,record_193,false,"{""rule_1"":[],""rule_2"":[""f""]}",{}
106,record_194,false,"{""rule_1"":[],""rule_2"":[]}",{}
107,record_195,true,"{""rule_1"":[""d""],""rule_2"":[""b"",""d""]}","{""rule_1"":""d"",""rule_2"":""b""}"
108,record_196,false,"{""rule_1"":[""a""],""rule_2"":[]}",{}
109,record_197,false,"{""rule_1"":[""d""],""rule_2"":[]}",{}
110,record_198,true,"{""rule_1"":[""a"",""c""],""rule_2"":[""c"",""e"",""f""]}","{""rule_1"":""a"",""rule_2"":""c""}"
111,record_199,false,"{""rule_1"":[""a""],""rule_2"":[]}",{}
112,record_2,false,"{""rule_1"":[""a""],""rule_2"":[]}",{}
113,record_20,true,"{""rule_1"":[""a""],""rule_2"":[""b"",""g""]}","{""rule_1"":""a"",""rule_2"":""b""}"
114,record_200,false,"{""rule_1"":[""a"",""b""],""rule_2"":[]}",{}
115,record_201,false,"{""rule_1"":[],""rule_2"":[""b"",""d"",""h""]}",{}
116,record_202,true,"{""rule_1"":[""a"",""c""],""rule_2"":[""b"",""c"",""g""]}","{""rule_1"":""a"",""rule_2"":""b""}"
117,record_203,false,"{""rule_1"":[],""rule_2"":[""b"",""e""]}",{}
118,record_204,false,"{""rule_1"":[""a""],""rule_2"":[]}",{}
119,record_205,false,"{""rule_1"":[""a"",""c""],""rule_2"":[]}",{}
120,record_206,false,"{""rule_1"":[],""rule_2"":[""c"",""f""]}",{}
121,record_207,false,"{""rule_1"":[],""rule_2"":[""b""]}",{}
122,record_208,false,"{""rule_1"":[""a"",""c""],""rule_2"":[]}",{}
123,record_209,true,"{""rule_1"":[""a"",""b""],""rule_2"":[""d""]}","{""rule_1"":""a"",""rule_2"":""d""}"
124,record_21,true,"{""rule_1"":[""b""],""rule_2"":[""a""]}","{""rule_1"":""b"",""rule_2"":""a""}"
125,record_210,false,"{""rule_1"":[],""rule_2"":[""b"",""c""]}",{}
126,record_211,false,"{""rule_1"":[],""rule_2"":[]}",{}
127,record_212,true,"{""rule_1"":[""c"",""d""],""rule_2"":[""c"",""f""]}","{""rule_1"":""c"",""rule_2"":""f""}"
128,record_213,true,"{""rule_1"":[""a"",""b"",""f""],""rule_2"":[""f""]}","{""rule_1"":""a"",""rule_2"":""f""}"
129,record_214,true,"{""rule_1"":[""a""],""rule_2"":[""b"",""c"",""d"",""f""]}","{""rule_1"":""a"",""rule_2"":""b""}"
130,record_215,true,"{""rule_1"":[""c""],""rule_2"":[""b""]}","{""rule_1"":""c"",""rule_2"":""b""}"
131,record_216,true,"{""rule_1"":[""b"",""c"",""d""],""rule_2"":[""b"",""c""]}","{""rule_1"":""b"",""rule_2"":""c""}"
132,record_217,false,"{""rule_1"":[],""rule_2"":[]}",{}
133,record_218,true,"{""rule_1"":[""d""],""rule_2"":[""c""]}","{""rule_1"":""d"",""rule_2"":""c""}"
134,record_219,false,"{""rule_1"":[""c""],""rule_2"":[""c""]}",{}
135,record_22,false,"{""rule_1"":[],""rule_2"":[""c"",""d""]}",{}
136,record_220,false,"{""rule_1"":[],""rule_2"":[""c""]}",{}
137,record_221,true,"{""rule_1"":[""a"",""c""],""rule_2"":[""c""]}","{""rule_1"":""a"",""rule_2"":""c""}"
138,record_222,true,"{""rule_1"":[""a""],""rule_2"":[""c""]}","{""rule_1"":""a"",""rule_2"":""c""}"
139,record_223,true,"{""rule_1"":[""c""],""rule_2"":[""b"",""c"",""e""]}","{""rule_1"":""c"",""rule_2"":""b""}"
140,record_224,true,"{""rule_1"":[""c""],""rule_2"":[""b""]}","{""rule_1"":""c"",""rule_2"":""b""}"
141,record_225,false,"{""rule_1"":[""b"",""c""],""rule_2"":[]}",{}
142,record_226,false,"{""rule_1"":[""c""],""rule_2"":[""c""]}",{}
143,record_227,true,"{""rule_1"":[""a"",""c""],""rule_2"":[""b"",""c""]}","{""rule_1"":""a"",""rule_2"":""b""}"
144,record_228,false,"{""rule_1"":[""a""],""rule_2"":[]}",{}
145,record_229,true,"{""rule_1"":[""d""],""rule_2"":[""b"",""d"",""f""]}","{""rule_1"":""d"",""rule_2"":""b""}"
146,record_23,false,"{""rule_1"":[],""rule_2"":[""d""]}",{}
147,record_230,true,"{""rule_1"":[""a""],""rule_2"":[""d""]}","{""rule_1"":""a"",""rule_2"":""d""}"
148,record_231,false,"{""rule_1"":[],""rule_2"":[""b""]}",{}
149,record_232,false,"{""rule_1"":[""c""],""rule_2"":[]}",{}
150,record_233,true,"{""rule_1"":[""b""],""rule_2"":[""c"",""e""]}","{""rule_1"":""b"",""rule_2"":""c""}"
151,record_234,false,"{""rule_1"":[],""rule_2"":[""a""]}",{}
152,record_235,true,"{""rule_1"":[""a"",""d""],""rule_2"":[""a"",""f""]}","{""rule_1"":""a"",""rule_2"":""f""}"
153,record_236,true,"{""rule_1"":[""c"",""d""],""rule_2"":[""c"",""d""]}","{""rule_1"":""c"",""rule_2"":""d""}"
154,record_237,true,"{""rule_1"":[""b"",""c""],""rule_2"":[""c"",""d""]}","{""rule_1"":""b"",""rule_2"":""c""}"
155,record_238,true,"{""rule_1"":[""c""],""rule_2"":[""b"",""c""]}","{""rule_1"":""c"",""rule_2"":""b""}"
156,record_239,false,"{""rule_1"":[],""rule_2"":[""c"",""d""]}",{}
157,record_24,true,"{""rule_1"":[""a"",""d""],""rule_2"":[""g""]}","{""rule_1"":""a"",""rule_2"":""g""}"
158,record_240,false,"{""rule_1"":[],""rule_2"":[""b"",""c""]}",{}
159,record_241,true,"{""rule_1"":[""c"",""d""],""rule_2"":[""b"",""c"",""f""]}","{""rule_1"":""c"",""rule_2"":""b""}"
160,record_242,true,"{""rule_1"":[""a""],""rule_2"":[""c""]}","{""rule_1"":""a"",""rule_2"":""c""}"
161,record_243,true,"{""rule_1"":[""a"",""e""],""rule_2"":[""c""]}","{""rule_1"":""a"",""rule_2"":""c""}"
162,record_244,false,"{""rule_1"":[],""rule_2"":[]}",{}
163,record_245,false,"{""rule_1"":[""a""],""rule_2"":[]}",{}
164,record_246,false,"{""rule_1"":[""c""],""rule_2"":[""c""]}",{}
165,record_247,false,"{""rule_1"":[""a"",""d""],""rule_2"":[]}",{}
166,record_248,false,"{""rule_1"":[],""rule_2"":[""d""]}",{}
167,record_249,true,"{""rule_1"":[""a"",""b""],""rule_2"":[""d""]}","{""rule_1"":""a"",""rule_2"":""d""}"
168,record_25,true,"{""rule_1"":[""a""],""rule_2"":[""b"",""c"",""g""]}","{""rule_1"":""a"",""rule_2"":""b""}"
169,record_250,false,"{""rule_1"":[""a""],""rule_2"":[""a""]}",{}
170,record_251,true,"{""rule_1"":[""c""],""rule_2"":[""g""]}","{""rule_1"":""c"",""rule_2"":""g""}"
171,record_252,false,"{""rule_1"":[""c""],""rule_2"":[""c""]}",{}
172,record_253,false,"{""rule_1"":[],""rule_2"":[""d""]}",{}
173,record_254,true,"{""rule_1"":[""a""],""rule_2"":[""b""]}","{""rule_1"":""a"",""rule_2"":""b""}"
174,record_255,true,"{""rule_1"":[""a""],""rule_2"":[""e""]}","{""rule_1"":""a"",""rule_2"":""e""}"
175,record_256,true,"{""rule_1"":[""a""],""rule_2"":[""b""]}","{""rule_1"":""a"",""rule_2"":""b""}"
176,record_257,true,"{""rule_1"":[""a"",""d""],""rule_2"":[""b""]}","{""rule_1"":""a"",""rule_2"":""b""}"
177,record_258,false,"{""rule_1"":[""a""],""rule_2"":[]}",{}
178,record_259,true,"{""rule_1"":[""c""],""rule_2"":[""c"",""d"",""e""]}","{""rule_1"":""c"",""rule_2"":""d""}"
179,record_26,false,"{""rule_1"":[""e""],""rule_2"":[]}",{}
180,record_260,false,"{""rule_1"":[],""rule_2"":[]}",{}
181,record_261,false,"{""rule_1"":[],""rule_2"":[""c""]}",{}
182,record_262,true,"{""rule_1"":[""c"",""d""],""rule_2"":[""b""]}","{""rule_1"":""c"",""rule_2"":""b""}"
183,record_263,false,"{""rule_1"":[""a"",""b""],""rule_2"":[]}",{}
184,record_264,false,"{""rule_1"":[""c""],""rule_2"":[]}",{}
185,record_265,true,"{""rule_1"":[""c""],""rule_2"":[""c"",""d""]}","{""rule_1"":""c"",""rule_2"":""d""}"
186,record_266,true,"{""rule_1"":[""a"",""f""],""rule_2"":[""b"",""g""]}","{""rule_1"":""a"",""rule_2"":""b""}"
187,record_267,false,"{""rule_1"":[""b""],""rule_2"":[""b""]}",{}
188,record_268,false,"{""rule_1"":[],""rule_2"":[""g""]}",{}
189,record_269,true,"{""rule_1"":[""a"",""b""],""rule_2"":[""d""]}","{""rule_1"":""a"",""rule_2"":""d""}"
190,record_27,false,"{""rule_1"":[],""rule_2"":[""b"",""d""]}",{}
191,record_270,false,"{""rule_1"":[],""rule_2"":[""a"",""c""]}",{}
192,record_271,false,"{""rule_1"":[],""rule_2"":[""b""]}",{}
193,record_272,true,"{""rule_1"":[""a""],""rule_2"":[""b""]}","{""rule_1"":""a"",""rule_2"":""b""}"
194,record_273,false,"{""rule_1"":[""a"",""b""],""rule_2"":[]}",{}
195,record_274,true,"{""rule_1"":[""a"",""b""],""rule_2"":[""c""]}","{""rule_1"":""a"",""rule_2"":""c""}"
196,record_275,true,"{""rule_1"":[""d""],""rule_2"":[""b"",""g""]}","{""rule_1"":""d"",""rule_2"":""b""}"
197,record_276,true,"{""rule_1"":[""a"",""c""],""rule_2"":[""b""]}","{""rule_1"":""a"",""rule_2"":""b""}"
198,record_277,true,"{""rule_1"":[""c""],""rule_2"":[""c"",""d""]}","{""rule_1"":""c"",""rule_2"":""d""}"
199,record_278,true,"{""rule_1"":[""c""],""rule_2"":[""c"",""g""]}","{""rule_1"":""c"",""rule_2"":""g""}"
200,record_279,false,"{""rule_1"":[],""rule_2"":[""c"",""f""]}",{}
201,record_28,true,"{""rule_1"":[""a""],""rule_2"":[""b""]}","{""rule_1"":""a"",""rule_2"":""b""}"
202,record_280,false,"{""rule_1"":[],""rule_2"":[""c""]}",{}
203,record_281,false,"{""rule_1"":[],""rule_2"":[""b"",""c""]}",{}
204,record_282,false,"{""rule_1"":[""d"",""e""],""rule_2"":[]}",{}
205,record_283,false,"{""rule_1"":[],""rule_2"":[""b""]}",{}
206,record_284,true,"{""rule_1"":[""c""],""rule_2"":[""b""]}","{""rule_1"":""c"",""rule_2"":""b""}"
207,record_285,true,"{""rule_1"":[""a""],""rule_2"":[""c""]}","{""rule_1"":""a"",""rule_2"":""c""}"
208,record_286,false,"{""rule_1"":[],""rule_2"":[""b"",""g""]}",{}
209,record_287,false,"{""rule_1"":[],""rule_2"":[""b"",""e""]}",{}
210,record_288,true,"{""rule_1"":[""c""],""rule_2"":[""b"",""d""]}","{""rule_1"":""c"",""rule_2"":""b""}"
211,record_289,false,"{""rule_1"":[],""rule_2"":[""b"",""c""]}",{}
212,record_29,false,"{""rule_1"":[],""rule_2"":[""d""]}",{}
213,record_290,false,"{""rule_1"":[""c""],""rule_2"":[""c""]}",{}
214,record_291,false,"{""rule_1"":[""a"",""b""],""rule_2"":[]}",{}
215,record_292,true,"{""rule_1"":[""a"",""c""],""rule_2"":[""c""]}","{""rule_1"":""a"",""rule_2"":""c""}"
216,record_293,true,"{""rule_1"":[""a"",""c"",""e""],""rule_2"":[""e""]}","{""rule_1"":""a"",""rule_2"":""e""}"
217,record_294,true,"{""rule_1"":[""b"",""c""],""rule_2"":[""b""]}","{""rule_1"":""c"",""rule_2"":""b""}"
218,record_295,true,"{""rule_1"":[""b"",""c""],""rule_2"":[""f"",""h""]}","{""rule_1"":""b"",""rule_2"":""f""}"
219,record_296,true,"{""rule_1"":[""d""],""rule_2"":[""b"",""c"",""d""]}","{""rule_1"":""d"",""rule_2"":""b""}"
220,record_297,false,"{""rule_1"":[""a""],""rule_2"":[]}",{}
221,record_298,false,"{""rule_1"":[""b"",""c"",""g""],""rule_2"":[]}",{}
222,record_299,true,"{""rule_1"":[""b""],""rule_2"":[""a"",""b""]}","{""rule_1"":""b"",""rule_2"":""a""}"
223,record_3,false,"{""rule_1"":[],""rule_2"":[]}",{}
224,record_30,true,"{""rule_1"":[""d""],""rule_2"":[""b"",""c""]}","{""rule_1"":""d"",""rule_2"":""b""}"
225,record_300,true,"{""rule_1"":[""a"",""c""],""rule_2"":[""a"",""b"",""d""]}","{""rule_1"":""a"",""rule_2"":""b""}"
226,record_301,true,"{""rule_1"":[""c"",""f""],""rule_2"":[""c"",""f""]}","{""rule_1"":""c"",""rule_2"":""f""}"
227,record_302,true,"{""rule_1"":[""a""],""rule_2"":[""e""]}","{""rule_1"":""a"",""rule_2"":""e""}"
228,record_303,true,"{""rule_1"":[""a"",""c""],""rule_2"":[""d""]}","{""rule_1"":""a"",""rule_2"":""d""}"
229,record_304,true,"{""rule_1"":[""c""],""rule_2"":[""b"",""e""]}","{""rule_1"":""c"",""rule_2"":""b""}"
230,record_305,true,"{""rule_1"":[""a""],""rule_2"":[""h""]}","{""rule_1"":""a"",""rule_2"":""h""}"
231,record_306,true,"{""rule_1"":[""a"",""b""],""rule_2"":[""e""]}","{""rule_1"":""a"",""rule_2"":""e""}"
232,record_307,true,"{""rule_1"":[""a"",""c"",""d""],""rule_2"":[""b"",""c""]}","{""rule_1"":""a"",""rule_2"":""b""}"
233,record_308,false,"{""rule_1"":[],""rule_2"":[""c""]}",{}
234,record_309,true,"{""rule_1"":[""c""],""rule_2"":[""b""]}","{""rule_1"":""c"",""rule_2"":""b""}"
235,record_31,true,"{""rule_1"":[""a"",""d""],""rule_2"":[""b""]}","{""rule_1"":""a"",""rule_2"":""b""}"
236,record_310,false,"{""rule_1"":[""a""],""rule_2"":[]}",{}
237,record_311,true,"{""rule_1"":[""a"",""c""],""rule_2"":[""c""]}","{""rule_1"":""a"",""rule_2"":""c""}"
238,record_312,true,"{""rule_1"":[""a"",""b""],""rule_2"":[""a"",""b""]}","{""rule_1"":""a"",""rule_2"":""b""}"
239,record_313,true,"{""rule_1"":[""a""],""rule_2"":[""c"",""e""]}","{""rule_1"":""a"",""rule_2"":""c""}"
240,record_314,false,"{""rule_1"":[],""rule_2"":[""d"",""g""]}",{}
241,record_315,false,"{""rule_1"":[],""rule_2"":[""b""]}",{}
242,record_316,true,"{""rule_1"":[""c""],""rule_2"":[""b""]}","{""rule_1"":""c"",""rule_2"":""b""}"
243,record_317,false,"{""rule_1"":[""b""],""rule_2"":[]}",{}
244,record_318,true,"{""rule_1"":[""c"",""g""],""rule_2"":[""g""]}","{""rule_1"":""c"",""rule_2"":""g""}"
245,record_319,false,"{""rule_1"":[],""rule_2"":[]}",{}
246,record_32,true,"{""rule_1"":[""c""],""rule_2"":[""c"",""e""]}","{""rule_1"":""c"",""rule_2"":""e""}"
247,record_320,false,"{""rule_1"":[""a""],""rule_2"":[]}",{}
248,record_321,false,"{""rule_1"":[],""rule_2"":[""c""]}",{}
249,record_322,false,"{""rule_1"":[""b""],""rule_2"":[]}",{}
250,record_323,false,"{""rule_1"":[""a"",""f""],""rule_2"":[]}",{}
251,record_324,true,"{""rule_1"":[""a"",""c""],""rule_2"":[""b"",""c""]}","{""rule_1"":""a"",""rule_2"":""b""}"
252,record_325,true,"{""rule_1"":[""a""],""rule_2"":[""b"",""d"",""e"",""g""]}","{""rule_1"":""a"",""rule_2"":""b""}"
253,record_326,true,"{""rule_1"":[""c""],""rule_2"":[""a"",""b"",""c"",""d""]}","{""rule_1"":""c"",""rule_2"":""a""}"
254,record_327,false,"{""rule_1"":[""c""],""rule_2"":[]}",{}
255,record_328,false,"{""rule_1"":[],""rule_2"":[""f""]}",{}
256,record_329,true,"{""rule_1"":[""a""],""rule_2"":[""d""]}","{""rule_1"":""a"",""rule_2"":""d""}"
257,record_33,false,"{""rule_1"":[],""rule_2"":[]}",{}
258,record_330,true,"{""rule_1"":[""a""],""rule_2"":[""f""]}","{""rule_1"":""a"",""rule_2"":""f""}"
259,record_331,true,"{""rule_1"":[""a"",""c""],""rule_2"":[""a"",""c""]}","{""rule_1"":""a"",""rule_2"":""c""}"
260,record_332,true,"{""rule_1"":[""a""],""rule_2"":[""b""]}","{""rule_1"":""a"",""rule_2"":""b""}"
261,record_333,true,"{""rule_1"":[""a"",""d""],""rule_2"":[""c""]}","{""rule_1"":""a"",""rule_2"":""c""}"
262,record_334,true,"{""rule_1"":[""d""],""rule_2"":[""c"",""d""]}","{""rule_1"":""d"",""rule_2"":""c""}"
263,record_335,false,"{""rule_1"":[],""rule_2"":[]}",{}
264,record_336,false,"{""rule_1"":[],""rule_2"":[""c""]}",{}
265,record_337,true,"{""rule_1"":[""b""],""rule_2"":[""b"",""e""]}","{""rule_1"":""b"",""rule_2"":""e""}"
266,record_338,true,"{""rule_1"":[""a"",""e""],""rule_2"":[""c""]}","{""rule_1"":""a"",""rule_2"":""c""}"
267,record_339,true,"{""rule_1"":[""d""],""rule_2"":[""b""]}","{""rule_1"":""d"",""rule_2"":""b""}"
268,record_34,true,"{""rule_1"":[""a"",""b"",""c""],""rule_2"":[""c""]}","{""rule_1"":""a"",""rule_2"":""c""}"
269,record_340,false,"{""rule_1"":[""c""],""rule_2"":[]}",{}
270,record_341,false,"{""rule_1"":[""c"",""d""],""rule_2"":[]}",{}
271,record_342,false,"{""rule_1"":[""g""],""rule_2"":[]}",{}
272,record_343,true,"{""rule_1"":[""c""],""rule_2"":[""b"",""e""]}","{""rule_1"":""c"",""rule_2"":""b""}"
273,record_344,true,"{""rule_1"":[""b"",""c""],""rule_2"":[""d"",""g""]}","{""rule_1"":""b"",""rule_2"":""d""}"
274,record_345,true,"{""rule_1"":[""a"",""d""],""rule_2"":[""d""]}","{""rule_1"":""a"",""rule_2"":""d""}"
275,record_346,false,"{""rule_1"":[],""rule_2"":[""g""]}",{}
276,record_347,false,"{""rule_1"":[""a"",""c""],""rule_2"":[]}",{}
277,record_348,false,"{""rule_1"":[""c""],""rule_2"":[]}",{}
278,record_349,true,"{""rule_1"":[""a"",""c""],""rule_2"":[""b"",""d""]}","{""rule_1"":""a"",""rule_2"":""b""}"
279,record_35,false,"{""rule_1"":[],""rule_2"":[""b""]}",{}
280,record_350,false,"{""rule_1"":[""c""],""rule_2"":[]}",{}
281,record_351,false,"{""rule_1"":[""c""],""rule_2"":[""c""]}",{}
282,record_352,true,"{""rule_1"":[""a""],""rule_2"":[""b"",""f""]}","{""rule_1"":""a"",""rule_2"":""b""}"
283,record_353,false,"{""rule_1"":[""c"",""g""],""rule_2"":[]}",{}
284,record_354,false,"{""rule_1"":[""b""],""rule_2"":[]}",{}
285,record_355,false,"{""rule_1"":[],""rule_2"":[""c""]}",{}
286,record_356,true,"{""rule_1"":[""c"",""d""],""rule_2"":[""b""]}","{""rule_1"":""c"",""rule_2"":""b""}"
287,record_357,false,"{""rule_1"":[],""rule_2"":[""d""]}",{}
288,record_358,false,"{""rule_1"":[],""rule_2"":[]}",{}
289,record_359,false,"{""rule_1"":[],""rule_2"":[""c""]}",{}
290,record_36,false,"{""rule_1"":[""a""],""rule_2"":[""a""]}",{}
291,record_360,false,"{""rule_1"":[],""rule_2"":[""d""]}",{}
292,record_361,true,"{""rule_1"":[""a""],""rule_2"":[""b""]}","{""rule_1"":""a"",""rule_2"":""b""}"
293,record_362,true,"{""rule_1"":[""a""],""rule_2"":[""b"",""e""]}","{""rule_1"":""a"",""rule_2"":""b""}"
294,record_363,false,"{""rule_1"":[],""rule_2"":[""b"",""c""]}",{}
295,record_364,false,"{""rule_1"":[],""rule_2"":[]}",{}
296,record_365,true,"{""rule_1"":[""a""],""rule_2"":[""b""]}","{""rule_1"":""a"",""rule_2"":""b""}"
297,record_366,false,"{""rule_1"":[],""rule_2"":[""b"",""c""]}",{}
298,record_367,false,"{""rule_1"":[],""rule_2"":[""d""]}",{}
299,record_368,false,"{""rule_1"":[],""rule_2"":[""d""]}",{}
300,record_369,true,"{""rule_1"":[""b""],""rule_2"":[""f""]}","{""rule_1"":""b"",""rule_2"":""f""}"
301,record_37,false,"{""rule_1"":[],""rule_2"":[""b"",""d""]}",{}
302,record_370,false,"{""rule_1"":[],""rule_2"":[""g""]}",{}
303,record_371,true,"{""rule_1"":[""g""],""rule_2"":[""b"",""d""]}","{""rule_1"":""g"",""rule_2"":""b""}"
304,record_372,true,"{""rule_1"":[""c""],""rule_2"":[""b"",""c""]}","{""rule_1"":""c"",""rule_2"":""b""}"
305,record_373,true,"{""rule_1"":[""c""],""rule_2"":[""c"",""e""]}","{""rule_1"":""c"",""rule_2"":""e""}"
306,record_374,false,"{""rule_1"":[""a"",""c""],""rule_2"":[]}",{}
307,record_375,true,"{""rule_1"":[""c""],""rule_2"":[""b"",""d""]}","{""rule_1"":""c"",""rule_2"":""b""}"
308,record_376,false,"{""rule_1"":[""c""],""rule_2"":[]}",{}
309,record_377,true,"{""rule_1"":[""a"",""b""],""rule_2"":[""b"",""c""]}","{""rule_1"":""a"",""rule_2"":""b""}"
310,record_378,false,"{""rule_1"":[""c"",""d""],""rule_2"":[]}",{}
311,record_379,false,"{""rule_1"":[],""rule_2"":[]}",{}
312,record_38,true,"{""rule_1"":[""a"",""c""],""rule_2"":[""b"",""c""]}","{""rule_1"":""a"",""rule_2"":""b""}"
313,record_380,true,"{""rule_1"":[""a"",""e""],""rule_2"":[""c""]}","{""rule_1"":""a"",""rule_2"":""c""}"
314,record_381,true,"{""rule_1"":[""a""],""rule_2"":[""b""]}","{""rule_1"":""a"",""rule_2"":""b""}"
315,record_382,false,"{""rule_1"":[""a""],""rule_2"":[]}",{}
316,record_383,true,"{""rule_1"":[""a"",""b""],""rule_2"":[""b""]}","{""rule_1"":""a"",""rule_2"":""b""}"
317,record_384,false,"{""rule_1"":[""a""],""rule_2"":[]}",{}
318,record_385,true,"{""rule_1"":[""a"",""c""],""rule_2"":[""b""]}","{""rule_1"":""a"",""rule_2"":""b""}"
319,record_386,true,"{""rule_1"":[""a"",""d""],""rule_2"":[""d""]}","{""rule_1"":""a"",""rule_2"":""d""}"
320,record_387,false,"{""rule_1"":[""a"",""b""],""rule_2"":[]}",{}
321,record_388,false,"{""rule_1"":[""c""],""rule_2"":[]}",{}
322,record_389,false,"{""rule_1"":[""c""],""rule_2"":[]}",{}
323,record_39,true,"{""rule_1"":[""a""],""rule_2"":[""b""]}","{""rule_1"":""a"",""rule_2"":""b""}"
324,record_390,false,"{""rule_1"":[],""rule_2"":[""f""]}",{}
325,record_391,true,"{""rule_1"":[""a"",""b"",""c""],""rule_2"":[""b"",""d""]}","{""rule_1"":""a"",""rule_2"":""b""}"
326,record_392,false,"{""rule_1"":[],""rule_2"":[""b"",""c""]}",{}
327,record_393,true,"{""rule_1"":[""c"",""e""],""rule_2"":[""b""]}","{""rule_1"":""c"",""rule_2"":""b""}"
328,record_394,false,"{""rule_1"":[""b""],""rule_2"":[]}",{}
329,record_395,false,"{""rule_1"":[],""rule_2"":[""b""]}",{}
330,record_396,true,"{""rule_1"":[""c""],""rule_2"":[""c"",""d""]}","{""rule_1"":""c"",""rule_2"":""d""}"
331,record_397,true,"{""rule_1"":[""d""],""rule_2"":[""b""]}","{""rule_1"":""d"",""rule_2"":""b""}"
332,record_398,true,"{""rule_1"":[""a"",""b"",""e""],""rule_2"":[""d""]}","{""rule_1"":""a"",""rule_2"":""d""}"
333,record_399,true,"{""rule_1"":[""a"",""e""],""rule_2"":[""e""]}","{""rule_1"":""a"",""rule_2"":""e""}"
334,record_4,true,"{""rule_1"":[""a""],""rule_2"":[""b""]}","{""rule_1"":""a"",""rule_2"":""b""}"
335,record_40,true,"{""rule_1"":[""a""],""rule_2"":[""c""]}","{""rule_1"":""a"",""rule_2"":""c""}"
336,record_400,true,"{""rule_1"":[""a""],""rule_2"":[""c""]}","{""rule_1"":""a"",""rule_2"":""c""}"
337,record_401,true,"{""rule_1"":[""c""],""rule_2"":[""b"",""g""]}","{""rule_1"":""c"",""rule_2"":""b""}"
338,record_402,true,"{""rule_1"":[""a"",""c""],""rule_2"":[""e""]}","{""rule_1"":""a"",""rule_2"":""e""}"
339,record_403,false,"{""rule_1"":[""c"",""d""],""rule_2"":[]}",{}
340,record_404,false,"{""rule_1"":[""a"",""c""],""rule_2"":[]}",{}
341,record_405,true,"{""rule_1"":[""a"",""c""],""rule_2"":[""b""]}","{""rule_1"":""a"",""rule_2"":""b""}"
342,record_406,true,"{""rule_1"":[""c""],""rule_2"":[""a"",""c""]}","{""rule_1"":""c"",""rule_2"":""a""}"
343,record_407,false,"{""rule_1"":[],""rule_2"":[""c""]}",{}
344,record_408,true,"{""rule_1"":[""a"",""c""],""rule_2"":[""b"",""c"",""e""]}","{""rule_1"":""a"",""rule_2"":""b""}"
345,record_409,true,"{""rule_1"":[""c"",""d""],""rule_2"":[""d""]}","{""rule_1"":""c"",""rule_2"":""d""}"
346,record_41,false,"{""rule_1"":[],""rule_2"":[""b"",""c""]}",{}
347,record_410,false,"{""rule_1"":[""a"",""b"",""f""],""rule_2"":[]}",{}
348,record_411,true,"{""rule_1"":[""a""],""rule_2"":[""c""]}","{""rule_1"":""a"",""rule_2"":""c""}"
349,record_412,false,"{""rule_1"":[],""rule_2"":[""b""]}",{}
350,record_413,false,"{""rule_1"":[""a"",""d""],""rule_2"":[]}",{}
351,record_414,true,"{""rule_1"":[""a""],""rule_2"":[""d""]}","{""rule_1"":""a"",""rule_2"":""d""}"
352,record_415,true,"{""rule_1"":[""d""],""rule_2"":[""a"",""b"",""e""]}","{""rule_1"":""d"",""rule_2"":""a""}"
353,record_416,true,"{""rule_1"":[""a""],""rule_2"":[""f""]}","{""rule_1"":""a"",""rule_2"":""f""}"
354,record_417,false,"{""rule_1"":[""c"",""d""],""rule_2"":[]}",{}
355,record_418,false,"{""rule_1"":[],""rule_2"":[""f""]}",{}
356,record_419,false,"{""rule_1"":[""c""],""rule_2"":[""c""]}",{}
357,record_42,true,"{""rule_1"":[""a"",""d""],""rule_2"":[""e""]}","{""rule_1"":""a"",""rule_2"":""e""}"
358,record_420,true,"{""rule_1"":[""c""],""rule_2"":[""b""]}","{""rule_1"":""c"",""rule_2"":""b""}"
359,record_421,true,"{""rule_1"":[""a"",""c""],""rule_2"":[""c"",""d""]}","{""rule_1"":""a"",""rule_2"":""c""}"
360,record_422,true,"{""rule_1"":[""a""],""rule_2"":[""d""]}","{""rule_1"":""a"",""rule_2"":""d""}"
361,record_423,true,"{""rule_1"":[""c""],""rule_2"":[""a"",""c""]}","{""rule_1"":""c"",""rule_2"":""a""}"
362,record_424,false,"{""rule_1"":[""c""],""rule_2"":[""c""]}",{}
363,record_425,true,"{""rule_1"":[""c"",""d""],""rule_2"":[""c"",""f""]}","{""rule_1"":""c"",""rule_2"":""f""}"
364,record_426,false,"{""rule_1"":[""a"",""b"",""c"",""e""],""rule_2"":[]}",{}
365,record_427,true,"{""rule_1"":[""a"",""d""],""rule_2"":[""b""]}","{""rule_1"":""a"",""rule_2"":""b""}"
366,record_428,true,"{""rule_1"":[""a"",""d""],""rule_2"":[""d""]}","{""rule_1"":""a"",""rule_2"":""d""}"
367,record_429,false,"{""rule_1"":[],""rule_2"":[""b""]}",{}
368,record_43,false,"{""rule_1"":[""e""],""rule_2"":[]}",{}
369,record_430,true,"{""rule_1"":[""c""],""rule_2"":[""c"",""f""]}","{""rule_1"":""c"",""rule_2"":""f""}"
370,record_431,false,"{""rule_1"":[""a"",""e""],""rule_2"":[]}",{}
371,record_432,true,"{""rule_1"":[""b""],""rule_2"":[""c""]}","{""rule_1"":""b"",""rule_2"":""c""}"
372,record_433,true,"{""rule_1"":[""c"",""d""],""rule_2"":[""b""]}","{""rule_1"":""c"",""rule_2"":""b""}"
373,record_434,true,"{""rule_1"":[""a""],""rule_2"":[""c""]}","{""rule_1"":""a"",""rule_2"":""c""}"
374,record_435,true,"{""rule_1"":[""a"",""c""],""rule_2"":[""c"",""d""]}","{""rule_1"":""a"",""rule_2"":""c""}"
375,record_436,true,"{""rule_1"":[""c""],""rule_2"":[""b"",""c""]}","{""rule_1"":""c"",""rule_2"":""b""}"
376,record_437,true,"{""rule_1"":[""a""],""rule_2"":[""c""]}","{""rule_1"":""a"",""rule_2"":""c""}"
377,record_438,false,"{""rule_1"":[],""rule_2"":[""b""]}",{}
378,record_439,true,"{""rule_1"":[""a"",""c""],""rule_2"":[""b"",""c""]}","{""rule_1"":""a"",""rule_2"":""b""}"
379,record_44,false,"{""rule_1"":[],""rule_2"":[""c""]}",{}
380,record_440,false,"{""rule_1"":[""a"",""c""],""rule_2"":[]}",{}
381,record_441,true,"{""rule_1"":[""c""],""rule_2"":[""a"",""b""]}","{""rule_1"":""c"",""rule_2"":""a""}"
382,record_442,true,"{""rule_1"":[""a"",""b"",""d""],""rule_2"":[""b""]}","{""rule_1"":""a"",""rule_2"":""b""}"
383,record_443,true,"{""rule_1"":[""a"",""c""],""rule_2"":[""b""]}","{""rule_1"":""a"",""rule_2"":""b""}"
384,record_444,false,"{""rule_1"":[],""rule_2"":[""b""]}",{}
385,record_445,true,"{""rule_1"":[""c""],""rule_2"":[""b"",""c""]}","{""rule_1"":""c"",""rule_2"":""b""}"
386,record_446,true,"{""rule_1"":[""a"",""c"",""d""],""rule_2"":[""c""]}","{""rule_1"":""a"",""rule_2"":""c""}"
387,record_447,true,"{""rule_1"":[""c""],""rule_2"":[""b"",""e""]}","{""rule_1"":""c"",""rule_2"":""b""}"
388,record_448,false,"{""rule_1"":[""a""],""rule_2"":[]}",{}
389,record_449,true,"{""rule_1"":[""b"",""c""],""rule_2"":[""b"",""c""]}","{""rule_1"":""b"",""rule_2"":""c""}"
390,record_45,false,"{""rule_1"":[],""rule_2"":[""b""]}",{}
391,record_450,true,"{""rule_1"":[""b""],""rule_2"":[""b"",""c""]}","{""rule_1"":""b"",""rule_2"":""c""}"
392,record_451,true,"{""rule_1"":[""a"",""c""],""rule_2"":[""b"",""c"",""d""]}","{""rule_1"":""a"",""rule_2"":""b""}"
393,record_452,false,"{""rule_1"":[],""rule_2"":[""g""]}",{}
394,record_453,false,"{""rule_1"":[],""rule_2"":[]}",{}
395,record_454,true,"{""rule_1"":[""a"",""c""],""rule_2"":[""c""]}","{""rule_1"":""a"",""rule_2"":""c""}"
396,record_455,true,"{""rule_1"":[""c""],""rule_2"":[""a"",""b""]}","{""rule_1"":""c"",""rule_2"":""a""}"
397,record_456,true,"{""rule_1"":[""c""],""rule_2"":[""d""]}","{""rule_1"":""c"",""rule_2"":""d""}"
398,record_457,false,"{""rule_1"":[""a""],""rule_2"":[]}",{}
399,record_458,false,"{""rule_1"":[],""rule_2"":[]}",{}
400,record_459,false,"{""rule_1"":[],""rule_2"":[""g""]}",{}
401,record_46,false,"{""rule_1"":[""c""],""rule_2"":[]}",{}
402,record_460,true,"{""rule_1"":[""c"",""h""],""rule_2"":[""b"",""c""]}","{""rule_1"":""c"",""rule_2"":""b""}"
403,record_461,false,"{""rule_1"":[],""rule_2"":[""b""]}",{}
404,record_462,false,"{""rule_1"":[""c"",""g""],""rule_2"":[]}",{}
405,record_463,false,"{""rule_1"":[""c""],""rule_2"":[""c""]}",{}
406,record_464,true,"{""rule_1"":[""a"",""c""],""rule_2"":[""c"",""d""]}","{""rule_1"":""a"",""rule_2"":""c""}"
407,record_465,true,"{""rule_1"":[""a""],""rule_2"":[""c""]}","{""rule_1"":""a"",""rule_2"":""c""}"
408,record_466,true,"{""rule_1"":[""d"",""g""],""rule_2"":[""c"",""f""]}","{""rule_1"":""d"",""rule_2"":""c""}"
409,record_467,true,"{""rule_1"":[""a""],""rule_2"":[""b""]}","{""rule_1"":""a"",""rule_2"":""b""}"
410,record_468,true,"{""rule_1"":[""a""],""rule_2"":[""c""]}","{""rule_1"":""a"",""rule_2"":""c""}"
411,record_469,false,"{""rule_1"":[""d""],""rule_2"":[""d""]}",{}
412,record_47,false,"{""rule_1"":[""d""],""rule_2"":[]}",{}
413,record_470,true,"{""rule_1"":[""c"",""d""],""rule_2"":[""c""]}","{""rule_1"":""d"",""rule_2"":""c""}"
414,record_471,false,"{""rule_1"":[""a""],""rule_2"":[]}",{}
415,record_472,true,"{""rule_1"":[""a""],""rule_2"":[""c""]}","{""rule_1"":""a"",""rule_2"":""c""}"
416,record_473,false,"{""rule_1"":[""a"",""b""],""rule_2"":[]}",{}
417,record_474,true,"{""rule_1"":[""c""],""rule_2"":[""h""]}","{""rule_1"":""c"",""rule_2"":""h""}"
418,record_475,true,"{""rule_1"":[""b"",""c""],""rule_2"":[""g""]}","{""rule_1"":""b"",""rule_2"":""g""}"
419,record_476,true,"{""rule_1"":[""a""],""rule_2"":[""c""]}","{""rule_1"":""a"",""rule_2"":""c""}"
420,record_477,true,"{""rule_1"":[""a"",""b"",""c""],""rule_2"":[""b"",""c""]}","{""rule_1"":""a"",""rule_2"":""b""}"
421,record_478,true,"{""rule_1"":[""a""],""rule_2"":[""d""]}","{""rule_1"":""a"",""rule_2"":""d""}"
422,record_479,true,"{""rule_1"":[""g""],""rule_2"":[""c""]}","{""rule_1"":""g"",""rule_2"":""c""}"
423,record_48,false,"{""rule_1"":[],""rule_2"":[""b"",""c""]}",{}
424,record_480,false,"{""rule_1"":[""c""],""rule_2"":[]}",{}
425,record_481,false,"{""rule_1"":[],""rule_2"":[]}",{}
426,record_482,true,"{""rule_1"":[""a"",""c"",""d""],""rule_2"":[""c"",""d""]}","{""rule_1"":""a"",""rule_2"":""c""}"
427,record_483,true,"{""rule_1"":[""a"",""c""],""rule_2"":[""b""]}","{""rule_1"":""a"",""rule_2"":""b""}"
428,record_484,false,"{""rule_1"":[],""rule_2"":[]}",{}
429,record_485,false,"{""rule_1"":[""a""],""rule_2"":[]}",{}
430,record_486,true,"{""rule_1"":[""a"",""c""],""rule_2"":[""c""]}","{""rule_1"":""a"",""rule_2"":""c""}"
431,record_487,false,"{""rule_1"":[],""rule_2"":[""e""]}",{}
432,record_488,true,"{""rule_1"":[""a"",""b"",""f""],""rule_2"":[""a"",""b""]}","{""rule_1"":""a"",""rule_2"":""b""}"
433,record_489,false,"{""rule_1"":[""a""],""rule_2"":[]}",{}
434,record_49,false,"{""rule_1"":[""a"",""c""],""rule_2"":[]}",{}
435,record_490,true,"{""rule_1"":[""c""],""rule_2"":[""b""]}","{""rule_1"":""c"",""rule_2"":""b""}"
436,record_491,false,"{""rule_1"":[""c""],""rule_2"":[]}",{}
437,record_492,false,"{""rule_1"":[""b""],""rule_2"":[]}",{}
438,record_493,false,"{""rule_1"":[],""rule_2"":[""b"",""c"",""d"",""h""]}",{}
439,record_494,false,"{""rule_1"":[""a"",""b"",""c""],""rule_2"":[]}",{}
440,record_495,true,"{""rule_1"":[""a"",""c"",""d""],""rule_2"":[""b"",""c""]}","{""rule_1"":""a"",""rule_2"":""b""}"
441,record_496,false,"{""rule_1"":[""b"",""c"",""d""],""rule_2"":[]}",{}
442,record_497,true,"{""rule_1"":[""b""],""rule_2"":[""c"",""g""]}","{""rule_1"":""b"",""rule_2"":""c""}"
443,record_498,true,"{""rule_1"":[""a""],""rule_2"":[""b""]}","{""rule_1"":""a"",""rule_2"":""b""}"
444,record_499,false,"{""rule_1"":[],""rule_2"":[]}",{}
445,record_5,true,"{""rule_1"":[""c""],""rule_2"":[""b"",""c""]}","{""rule_1"":""c"",""rule_2"":""b""}"
446,record_50,true,"{""rule_1"":[""d""],""rule_2"":[""b""]}","{""rule_1"":""d"",""rule_2"":""b""}"
447,record_500,false,"{""rule_1"":[""c""],""rule_2"":[]}",{}
448,record_501,true,"{""rule_1"":[""c""],""rule_2"":[""g"",""h""]}","{""rule_1"":""c"",""rule_2"":""g""}"
449,record_502,true,"{""rule_1"":[""d""],""rule_2"":[""g""]}","{""rule_1"":""d"",""rule_2"":""g""}"
450,record_503,false,"{""rule_1"":[],""rule_2"":[""c"",""d""]}",{}
451,record_504,false,"{""rule_1"":[],""rule_2"":[""g""]}",{}
452,record_505,false,"{""rule_1"":[],""rule_2"":[""c""]}",{}
453,record_506,false,"{""rule_1"":[],""rule_2"":[""b"",""c""]}",{}
454,record_507,true,"{""rule_1"":[""c""],""rule_2"":[""b""]}","{""rule_1"":""c"",""rule_2"":""b""}"
455,record_508,false,"{""rule_1"":[],""rule_2"":[""c"",""d""]}",{}
456,record_509,false,"{""rule_1"":[],""rule_2"":[""a""]}",{}
457,record_51,true,"{""rule_1"":[""a"",""c""],""rule_2"":[""c""]}","{""rule_1"":""a"",""rule_2"":""c""}"
458,record_510,true,"{""rule_1"":[""b""],""rule_2"":[""f""]}","{""rule_1"":""b"",""rule_2"":""f""}"
459,record_511,false,"{""rule_1"":[""a"",""c""],""rule_2"":[]}",{}
460,record_512,false,"{""rule_1"":[""c""],""rule_2"":[]}",{}
461,record_513,false,"{""rule_1"":[],""rule_2"":[]}",{}
462,record_514,true,"{""rule_1"":[""a"",""b"",""c""],""rule_2"":[""c"",""d"",""f""]}","{""rule_1"":""a"",""rule_2"":""c""}"
463,record_515,true,"{""rule_1"":[""c""],""rule_2"":[""a"",""b"",""d""]}","{""rule_1"":""c"",""rule_2"":""a""}"
464,record_516,false,"{""rule_1"":[],""rule_2"":[""e""]}",{}
465,record_517,false,"{""rule_1"":[""d""],""rule_2"":[]}",{}
466,record_518,true,"{""rule_1"":[""d""],""rule_2"":[""b""]}","{""rule_1"":""d"",""rule_2"":""b""}"
467,record_519,true,"{""rule_1"":[""a""],""rule_2"":[""c"",""d""]}","{""rule_1"":""a"",""rule_2"":""c""}"
468,record_52,false,"{""rule_1"":[""d""],""rule_2"":[]}",{}
469,record_520,true,"{""rule_1"":[""e""],""rule_2"":[""b"",""c""]}","{""rule_1"":""e"",""rule_2"":""b""}"
470,record_521,true,"{""rule_1"":[""e""],""rule_2"":[""c"",""e""]}","{""rule_1"":""e"",""rule_2"":""c""}"
471,record_522,true,"{""rule_1"":[""a"",""c""],""rule_2"":[""b"",""c"",""d""]}","{""rule_1"":""a"",""rule_2"":""b""}"
472,record_523,false,"{""rule_1"":[],""rule_2"":[""b"",""g""]}",{}
473,record_524,true,"{""rule_1"":[""b""],""rule_2"":[""b"",""d""]}","{""rule_1"":""b"",""rule_2"":""d""}"
474,record_525,false,"{""rule_1"":[],""rule_2"":[]}",{}
475,record_526,true,"{""rule_1"":[""b""],""rule_2"":[""g""]}","{""rule_1"":""b"",""rule_2"":""g""}"
476,record_527,false,"{""rule_1"":[""b""],""rule_2"":[""b""]}",{}
477,record_528,true,"{""rule_1"":[""a""],""rule_2"":[""b"",""g""]}","{""rule_1"":""a"",""rule_2"":""b""}"
478,record_529,false,"{""rule_1"":[""c""],""rule_2"":[""c""]}",{}
479,record_53,false,"{""rule_1"":[],""rule_2"":[]}",{}
480,record_530,true,"{""rule_1"":[""c"",""d"",""e""],""rule_2"":[""b"",""e""]}","{""rule_1"":""c"",""rule_2"":""b""}"
481,record_531,true,"{""rule_1"":[""a"",""c""],""rule_2"":[""b"",""c""]}","{""rule_1"":""a"",""rule_2"":""b""}"
482,record_532,true,"{""rule_1"":[""a"",""c""],""rule_2"":[""d""]}","{""rule_1"":""a"",""rule_2"":""d""}"
483,record_533,true,"{""rule_1"":[""a"",""c""],""rule_2"":[""b"",""d"",""e""]}","{""rule_1"":""a"",""rule_2"":""b""}"
484,record_534,true,"{""rule_1"":[""a"",""b"",""c""],""rule_2"":[""b"",""c"",""d"",""f""]}","{""rule_1"":""a"",""rule_2"":""b""}"
485,record_535,true,"{""rule_1"":[""a"",""c""],""rule_2"":[""b"",""c""]}","{""rule_1"":""a"",""rule_2"":""b""}"
486,record_536,false,"{""rule_1"":[],""rule_2"":[]}",{}
487,record_537,true,"{""rule_1"":[""c""],""rule_2"":[""b"",""g""]}","{""rule_1"":""c"",""rule_2"":""b""}"
488,record_538,true,"{""rule_1"":[""a"",""c""],""rule_2"":[""b"",""c""]}","{""rule_1"":""a"",""rule_2"":""b""}"
489,record_539,true,"{""rule_1"":[""a"",""c""],""rule_2"":[""a"",""b""]}","{""rule_1"":""a"",""rule_2"":""b""}"
490,record_54,true,"{""rule_1"":[""c"",""d""],""rule_2"":[""b"",""d""]}","{""rule_1"":""c"",""rule_2"":""b""}"
491,record_540,false,"{""rule_1"":[],""rule_2"":[]}",{}
492,record_541,false,"{""rule_1"":[],""rule_2"":[]}",{}
493,record_542,false,"{""rule_1"":[""b"",""c""],""rule_2"":[]}",{}
494,record_543,true,"{""rule_1"":[""a""],""rule_2"":[""b""]}","{""rule_1"":""a"",""rule_2"":""b""}"
495,record_544,false,"{""rule_1"":[""a""],""rule_2"":[]}",{}
496,record_545,false,"{""rule_1"":[""a""],""rule_2"":[]}",{}
497,record_546,true,"{""rule_1"":[""a"",""c""],""rule_2"":[""b""]}","{""rule_1"":""a"",""rule_2"":""b""}"
498,record_547,false,"{""rule_1"":[""c""],""rule_2"":[""c""]}",{}
499,record_548,false,"{""rule_1"":[""g""],""rule_2"":[""g""]}",{}
500,record_549,true,"{""rule_1"":[""a""],""rule_2"":[""a"",""b""]}","{""rule_1"":""a"",""rule_2"":""b""}"
501,record_55,false,"{""rule_1"":[""a"",""c"",""e""],""rule_2"":[]}",{}
502,record_550,false,"{""rule_1"":[""a"",""b"",""c"",""d"",""e"",""f""],""rule_2"":[]}",{}
503,record_551,true,"{""rule_1"":[""c""],""rule_2"":[""a"",""b""]}","{""rule_1"":""c"",""rule_2"":""a""}"
504,record_552,false,"{""rule_1"":[],""rule_2"":[""b""]}",{}
505,record_553,false,"{""rule_1"":[""a"",""e""],""rule_2"":[]}",{}
506,record_554,true,"{""rule_1"":[""b"",""c""],""rule_2"":[""e""]}","{""rule_1"":""b"",""rule_2"":""e""}"
507,record_555,false,"{""rule_1"":[""d""],""rule_2"":[""d""]}",{}
508,record_556,false,"{""rule_1"":[""a"",""b""],""rule_2"":[]}",{}
509,record_557,false,"{""rule_1"":[],""rule_2"":[""c""]}",{}
510,record_558,false,"{""rule_1"":[""a""],""rule_2"":[]}",{}
511,record_559,true,"{""rule_1"":[""d""],""rule_2"":[""b""]}","{""rule_1"":""d"",""rule_2"":""b""}"
512,record_56,true,"{""rule_1"":[""c"",""f""],""rule_2"":[""b""]}","{""rule_1"":""c"",""rule_2"":""b""}"
513,record_560,true,"{""rule_1"":[""c""],""rule_2"":[""b"",""c"",""g""]}","{""rule_1"":""c"",""rule_2"":""b""}"
514,record_561,false,"{""rule_1"":[],""rule_2"":[""c""]}",{}
515,record_562,false,"{""rule_1"":[""c""],""rule_2"":[""c""]}",{}
516,record_563,true,"{""rule_1"":[""c""],""rule_2"":[""a"",""c""]}","{""rule_1"":""c"",""rule_2"":""a""}"
517,record_564,false,"{""rule_1"":[""a"",""d""],""rule_2"":[]}",{}
518,record_565,false,"{""rule_1"":[""c""],""rule_2"":[]}",{}
519,record_566,false,"{""rule_1"":[],""rule_2"":[""b""]}",{}
520,record_567,false,"{""rule_1"":[""c""],""rule_2"":[""c""]}",{}
521,record_568,false,"{""rule_1"":[""c""],""rule_2"":[""c""]}",{}
522,record_569,true,"{""rule_1"":[""c""],""rule_2"":[""b""]}","{""rule_1"":""c"",""rule_2"":""b""}"
523,record_57,false,"{""rule_1"":[""a""],""rule_2"":[]}",{}
524,record_570,false,"{""rule_1"":[""a""],""rule_2"":[]}",{}
525,record_571,true,"{""rule_1"":[""b"",""c"",""d""],""rule_2"":[""b"",""c""]}","{""rule_1"":""b"",""rule_2"":""c""}"
526,record_572,false,"{""rule_1"":[""d"",""g""],""rule_2"":[]}",{}
527,record_573,false,"{""rule_1"":[],""rule_2"":[""b""]}",{}
528,record_574,false,"{""rule_1"":[],""rule_2"":[""g""]}",{}
529,record_575,true,"{""rule_1"":[""a"",""e""],""rule_2"":[""c""]}","{""rule_1"":""a"",""rule_2"":""c""}"
530,record_576,true,"{""rule_1"":[""a"",""b"",""c""],""rule_2"":[""b""]}","{""rule_1"":""a"",""rule_2"":""b""}"
531,record_577,true,"{""rule_1"":[""c""],""rule_2"":[""a"",""c""]}","{""rule_1"":""c"",""rule_2"":""a""}"
532,record_578,true,"{""rule_1"":[""a""],""rule_2"":[""a"",""b""]}","{""rule_1"":""a"",""rule_2"":""b""}"
533,record_579,false,"{""rule_1"":[],""rule_2"":[""b"",""c""]}",{}
534,record_58,false,"{""rule_1"":[""b""],""rule_2"":[]}",{}
535,record_580,false,"{""rule_1"":[""a"",""c""],""rule_2"":[]}",{}
536,record_581,false,"{""rule_1"":[""c""],""rule_2"":[""c""]}",{}
537,record_582,false,"{""rule_1"":[""b"",""c"",""d""],""rule_2"":[]}",{}
538,record_583,false,"{""rule_1"":[""d""],""rule_2"":[]}",{}
539,record_584,true,"{""rule_1"":[""c""],""rule_2"":[""d""]}","{""rule_1"":""c"",""rule_2"":""d""}"
540,record_585,false,"{""rule_1"":[""g""],""rule_2"":[]}",{}
541,record_586,false,"{""rule_1"":[],""rule_2"":[""c"",""g""]}",{}
542,record_587,true,"{""rule_1"":[""a""],""rule_2"":[""b"",""c""]}","{""rule_1"":""a"",""rule_2"":""b""}"
543,record_588,false,"{""rule_1"":[""b""],""rule_2"":[]}",{}
544,record_589,false,"{""rule_1"":[""b"",""d""],""rule_2"":[]}",{}
545,record_59,true,"{""rule_1"":[""c""],""rule_2"":[""b""]}","{""rule_1"":""c"",""rule_2"":""b""}"
546,record_590,true,"{""rule_1"":[""a""],""rule_2"":[""b""]}","{""rule_1"":""a"",""rule_2"":""b""}"
547,record_591,false,"{""rule_1"":[],""rule_2"":[""d""]}",{}
548,record_592,false,"{""rule_1"":[],""rule_2"":[""d""]}",{}
549,record_593,false,"{""rule_1"":[""b""],""rule_2"":[]}",{}
550,record_594,false,"{""rule_1"":[],""rule_2"":[""b"",""c""]}",{}
551,record_595,true,"{""rule_1"":[""b"",""c""],""rule_2"":[""b""]}","{""rule_1"":""c"",""rule_2"":""b""}"
552,record_596,false,"{""rule_1"":[""c""],""rule_2"":[]}",{}
553,record_597,false,"{""rule_1"":[""a""],""rule_2"":[]}",{}
554,record_598,false,"{""rule_1"":[""b""],""rule_2"":[]}",{}
555,record_599,false,"{""rule_1"":[""a"",""c"",""d""],""rule_2"":[]}",{}
556,record_6,true,"{""rule_1"":[""c"",""e""],""rule_2"":[""d""]}","{""rule_1"":""c"",""rule_2"":""d""}"
557,record_60,false,"{""rule_1"":[""a"",""e""],""rule_2"":[]}",{}
558,record_600,true,"{""rule_1"":[""c""],""rule_2"":[""b""]}","{""rule_1"":""c"",""rule_2"":""b""}"
559,record_601,true,"{""rule_1"":[""a"",""c""],""rule_2"":[""b""]}","{""rule_1"":""a"",""rule_2"":""b""}"
560,record_602,false,"{""rule_1"":[],""rule_2"":[""c"",""d""]}",{}
561,record_603,true,"{""rule_1"":[""a"",""h""],""rule_2"":[""c""]}","{""rule_1"":""a"",""rule_2"":""c""}"
562,record_604,false,"{""rule_1"":[""c""],""rule_2"":[""c""]}",{}
563,record_605,true,"{""rule_1"":[""d""],""rule_2"":[""b""]}","{""rule_1"":""d"",""rule_2"":""b""}"
564,record_606,true,"{""rule_1"":[""c""],""rule_2"":[""b"",""c""]}","{""rule_1"":""c"",""rule_2"":""b""}"
565,record_607,true,"{""rule_1"":[""a"",""c""],""rule_2"":[""g""]}","{""rule_1"":""a"",""rule_2"":""g""}"
566,record_608,true,"{""rule_1"":[""a""],""rule_2"":[""c""]}","{""rule_1"":""a"",""rule_2"":""c""}"
567,record_609,true,"{""rule_1"":[""a"",""c""],""rule_2"":[""c""]}","{""rule_1"":""a"",""rule_2"":""c""}"
568,record_61,true,"{""rule_1"":[""c""],""rule_2"":[""e"",""h""]}","{""rule_1"":""c"",""rule_2"":""e""}"
569,record_610,false,"{""rule_1"":[],""rule_2"":[""g""]}",{}
570,record_611,false,"{""rule_1"":[],""rule_2"":[]}",{}
571,record_612,false,"{""rule_1"":[""c""],""rule_2"":[]}",{}
572,record_613,false,"{""rule_1"":[],""rule_2"":[]}",{}
573,record_614,true,"{""rule_1"":[""d""],""rule_2"":[""e""]}","{""rule_1"":""d"",""rule_2"":""e""}"
574,record_615,true,"{""rule_1"":[""a"",""b"",""d""],""rule_2"":[""b"",""c"",""f""]}","{""rule_1"":""a"",""rule_2"":""b""}"
575,record_616,false,"{""rule_1"":[],""rule_2"":[""c"",""f""]}",{}
576,record_617,true,"{""rule_1"":[""a""],""rule_2"":[""c"",""d""]}","{""rule_1"":""a"",""rule_2"":""c""}"
577,record_618,true,"{""rule_1"":[""b"",""c""],""rule_2"":[""b"",""d""]}","{""rule_1"":""b"",""rule_2"":""d""}"
578,record_619,true,"{""rule_1"":[""c""],""rule_2"":[""d""]}","{""rule_1"":""c"",""rule_2"":""d""}"
579,record_62,true,"{""rule_1"":[""a"",""c""],""rule_2"":[""c""]}","{""rule_1"":""a"",""rule_2"":""c""}"
580,record_620,true,"{""rule_1"":[""a"",""e""],""rule_2"":[""e""]}","{""rule_1"":""a"",""rule_2"":""e""}"
581,record_621,true,"{""rule_1"":[""a"",""c""],""rule_2"":[""c""]}","{""rule_1"":""a"",""rule_2"":""c""}"
582,record_622,true,"{""rule_1"":[""a""],""rule_2"":[""a"",""c""]}","{""rule_1"":""a"",""rule_2"":""c""}"
583,record_623,true,"{""rule_1"":[""a"",""c""],""rule_2"":[""b"",""c"",""e""]}","{""rule_1"":""a"",""rule_2"":""b""}"
584,record_624,true,"{""rule_1"":[""a""],""rule_2"":[""b"",""g""]}","{""rule_1"":""a"",""rule_2"":""b""}"
585,record_625,false,"{""rule_1"":[""a""],""rule_2"":[]}",{}
586,record_626,false,"{""rule_1"":[""a""],""rule_2"":[]}",{}
587,record_627,true,"{""rule_1"":[""a"",""b""],""rule_2"":[""b""]}","{""rule_1"":""a"",""rule_2"":""b""}"
588,record_628,false,"{""rule_1"":[""a"",""c""],""rule_2"":[]}",{}
589,record_629,true,"{""rule_1"":[""b"",""c"",""d""],""rule_2"":[""b""]}","{""rule_1"":""c"",""rule_2"":""b""}"
590,record_63,false,"{""rule_1"":[],""rule_2"":[""c""]}",{}
591,record_630,true,"{""rule_1"":[""a""],""rule_2"":[""c""]}","{""rule_1"":""a"",""rule_2"":""c""}"
592,record_631,false,"{""rule_1"":[],""rule_2"":[]}",{}
593,record_632,true,"{""rule_1"":[""a""],""rule_2"":[""b"",""e""]}","{""rule_1"":""a"",""rule_2"":""b""}"
594,record_633,false,"{""rule_1"":[""c""],""rule_2"":[""c""]}",{}
595,record_634,true,"{""rule_1"":[""c""],""rule_2"":[""c"",""d""]}","{""rule_1"":""c"",""rule_2"":""d""}"
596,record_635,true,"{""rule_1"":[""a""],""rule_2"":[""b""]}","{""rule_1"":""a"",""rule_2"":""b""}"
597,record_636,true,"{""rule_1"":[""c"",""d""],""rule_2"":[""b""]}","{""rule_1"":""c"",""rule_2"":""b""}"
598,record_637,true,"{""rule_1"":[""a"",""d""],""rule_2"":[""c""]}","{""rule_1"":""a"",""rule_2"":""c""}"
599,record_638,false,"{""rule_1"":[],""rule_2"":[""a"",""b""]}",{}
600,record_639,true,"{""rule_1"":[""a"",""c""],""rule_2"":[""b""]}","{""rule_1"":""a"",""rule_2"":""b""}"
601,record_64,true,"{""rule_1"":[""a"",""b"",""c""],""rule_2"":[""b""]}","{""rule_1"":""a"",""rule_2"":""b""}"
602,record_640,true,"{""rule_1"":[""a"",""b""],""rule_2"":[""c"",""g""]}","{""rule_1"":""a"",""rule_2"":""c""}"
603,record_641,true,"{""rule_1"":[""c""],""rule_2"":[""b""]}","{""rule_1"":""c"",""rule_2"":""b""}"
604,record_642,false,"{""rule_1"":[""c""],""rule_2"":[""c""]}",{}
605,record_643,true,"{""rule_1"":[""a"",""b""],""rule_2"":[""c"",""h""]}","{""rule_1"":""a"",""rule_2"":""c""}"
606,record_644,false,"{""rule_1"":[],""rule_2"":[""b""]}",{}
607,record_645,true,"{""rule_1"":[""a""],""rule_2"":[""c""]}","{""rule_1"":""a"",""rule_2"":""c""}"
608,record_646,true,"{""rule_1"":[""a"",""c""],""rule_2"":[""b""]}","{""rule_1"":""a"",""rule_2"":""b""}"
609,record_647,true,"{""rule_1"":[""a"",""b""],""rule_2"":[""d""]}","{""rule_1"":""a"",""rule_2"":""d""}"
610,record_648,false,"{""rule_1"":[],""rule_2"":[]}",{}
611,record_649,false,"{""rule_1"":[],""rule_2"":[]}",{}
612,record_65,true,"{""rule_1"":[""c""],""rule_2"":[""d""]}","{""rule_1"":""c"",""rule_2"":""d""}"
613,record_650,false,"{""rule_1"":[],""rule_2"":[""b"",""c""]}",{}
614,record_651,true,"{""rule_1"":[""a""],""rule_2"":[""c""]}","{""rule_1"":""a"",""rule_2"":""c""}"
615,record_652,false,"{""rule_1"":[""a""],""rule_2"":[]}",{}
616,record_653,false,"{""rule_1"":[],""rule_2"":[""b""]}",{}
617,record_654,false,"{""rule_1"":[],""rule_2"":[""b"",""c"",""d""]}",{}
618,record_655,true,"{""rule_1"":[""a""],""rule_2"":[""c""]}","{""rule_1"":""a"",""rule_2"":""c""}"
619,record_656,true,"{""rule_1"":[""a""],""rule_2"":[""b"",""c""]}","{""rule_1"":""a"",""rule_2"":""b""}"
620,record_657,true,"{""rule_1"":[""a""],""rule_2"":[""d"",""f""]}","{""rule_1"":""a"",""rule_2"":""d""}"
621,record_658,true,"{""rule_1"":[""a"",""b"",""c""],""rule_2"":[""a"",""c"",""e"",""f""]}","{""rule_1"":""a"",""rule_2"":""c""}"
622,record_659,true,"{""rule_1"":[""a"",""e""],""rule_2"":[""b"",""d""]}","{""rule_1"":""a"",""rule_2"":""b""}"
623,record_66,false,"{""rule_1"":[""c""],""rule_2"":[]}",{}
624,record_660,false,"{""rule_1"":[""b""],""rule_2"":[]}",{}
625,record_661,false,"{""rule_1"":[],""rule_2"":[""b"",""c""]}",{}
626,record_662,false,"{""rule_1"":[],""rule_2"":[""b""]}",{}
627,record_663,false,"{""rule_1"":[""a""],""rule_2"":[]}",{}
628,record_664,true,"{""rule_1"":[""a"",""c""],""rule_2"":[""c"",""e""]}","{""rule_1"":""a"",""rule_2"":""c""}"
629,record_665,false,"{""rule_1"":[""c""],""rule_2"":[]}",{}
630,record_666,true,"{""rule_1"":[""a"",""c""],""rule_2"":[""d""]}","{""rule_1"":""a"",""rule_2"":""d""}"
631,record_667,false,"{""rule_1"":[],""rule_2"":[""b"",""d""]}",{}
632,record_668,false,"{""rule_1"":[],""rule_2"":[]}",{}
633,record_669,false,"{""rule_1"":[],""rule_2"":[""b""]}",{}
634,record_67,true,"{""rule_1"":[""a"",""c"",""f""],""rule_2"":[""b"",""d""]}","{""rule_1"":""a"",""rule_2"":""b""}"
635,record_670,true,"{""rule_1"":[""b""],""rule_2"":[""c""]}","{""rule_1"":""b"",""rule_2"":""c""}"
636,record_671,true,"{""rule_1"":[""b"",""d""],""rule_2"":[""c""]}","{""rule_1"":""b"",""rule_2"":""c""}"
637,record_672,true,"{""rule_1"":[""a""],""rule_2"":[""d""]}","{""rule_1"":""a"",""rule_2"":""d""}"
638,record_673,false,"{""rule_1"":[""c""],""rule_2"":[""c""]}",{}
639,record_674,true,"{""rule_1"":[""a""],""rule_2"":[""b"",""h""]}","{""rule_1"":""a"",""rule_2"":""b""}"
640,record_675,false,"{""rule_1"":[""b"",""d""],""rule_2"":[]}",{}
641,record_676,false,"{""rule_1"":[""c"",""d""],""rule_2"":[]}",{}
642,record_677,true,"{""rule_1"":[""b""],""rule_2"":[""b"",""c"",""f""]}","{""rule_1"":""b"",""rule_2"":""c""}"
643,record_678,true,"{""rule_1"":[""a""],""rule_2"":[""c""]}","{""rule_1"":""a"",""rule_2"":""c""}"
644,record_679,false,"{""rule_1"":[""a""],""rule_2"":[]}",{}
645,record_68,false,"{""rule_1"":[],""rule_2"":[]}",{}
646,record_680,false,"{""rule_1"":[""c""],""rule_2"":[""c""]}",{}
647,record_681,false,"{""rule_1"":[],""rule_2"":[""d""]}",{}
648,record_682,true,"{""rule_1"":[""a"",""c""],""rule_2"":[""d""]}","{""rule_1"":""a"",""rule_2"":""d""}"
649,record_683,true,"{""rule_1"":[""a"",""b""],""rule_2"":[""b"",""d""]}","{""rule_1"":""a"",""rule_2"":""b""}"
650,record_684,false,"{""rule_1"":[],""rule_2"":[""c""]}",{}
651,record_685,true,"{""rule_1"":[""c""],""rule_2"":[""c"",""f"",""g""]}","{""rule_1"":""c"",""rule_2"":""f""}"
652,record_686,true,"{""rule_1"":[""a""],""rule_2"":[""b"",""d""]}","{""rule_1"":""a"",""rule_2"":""b""}"
653,record_687,true,"{""rule_1"":[""b"",""c""],""rule_2"":[""c""]}","{""rule_1"":""b"",""rule_2"":""c""}"
654,record_688,false,"{""rule_1"":[""b""],""rule_2"":[]}",{}
655,record_689,true,"{""rule_1"":[""a"",""e""],""rule_2"":[""b""]}","{""rule_1"":""a"",""rule_2"":""b""}"
656,record_69,true,"{""rule_1"":[""a""],""rule_2"":[""c"",""g""]}","{""rule_1"":""a"",""rule_2"":""c""}"
657,record_690,false,"{""rule_1"":[],""rule_2"":[""c""]}",{}
658,record_691,false,"{""rule_1"":[],""rule_2"":[]}",{}
659,record_692,true,"{""rule_1"":[""a""],""rule_2"":[""b"",""c""]}","{""rule_1"":""a"",""rule_2"":""b""}"
660,record_693,false,"{""rule_1"":[""a""],""rule_2"":[]}",{}
661,record_694,false,"{""rule_1"":[""a""],""rule_2"":[]}",{}
662,record_695,true,"{""rule_1"":[""b"",""c""],""rule_2"":[""c"",""f""]}","{""rule_1"":""b"",""rule_2"":""c""}"
663,record_696,false,"{""rule_1"":[""a""],""rule_2"":[]}",{}
664,record_697,false,"{""rule_1"":[],""rule_2"":[""c""]}",{}
665,record_698,true,"{""rule_1"":[""b"",""c"",""d"",""f""],""rule_2"":[""b""]}","{""rule_1"":""c"",""rule_2"":""b""}"
666,record_699,true,"{""rule_1"":[""a""],""rule_2"":[""b"",""d""]}","{""rule_1"":""a"",""rule_2"":""b""}"
667,record_7,true,"{""rule_1"":[""c""],""rule_2"":[""e"",""g""]}","{""rule_1"":""c"",""rule_2"":""e""}"
668,record_70,false,"{""rule_1"":[],""rule_2"":[""b"",""c""]}",{}
669,record_700,false,"{""rule_1"":[""g""],""rule_2"":[""g""]}",{}
670,record_701,true,"{""rule_1"":[""c""],""rule_2"":[""c"",""g""]}","{""rule_1"":""c"",""rule_2"":""g""}"
671,record_702,false,"{""rule_1"":[],""rule_2"":[""e""]}",{}
672,record_703,false,"{""rule_1"":[""c""],""rule_2"":[]}",{}
673,record_704,true,"{""rule_1"":[""a""],""rule_2"":[""c""]}","{""rule_1"":""a"",""rule_2"":""c""}"
674,record_705,false,"{""rule_1"":[],""rule_2"":[""g""]}",{}
675,record_706,false,"{""rule_1"":[""a"",""c""],""rule_2"":[]}",{}
676,record_707,true,"{""rule_1"":[""a"",""c""],""rule_2"":[""b"",""c""]}","{""rule_1"":""a"",""rule_2"":""b""}"
677,record_708,false,"{""rule_1"":[],""rule_2"":[""e""]}",{}
678,record_709,false,"{""rule_1"":[],""rule_2"":[""a"",""b"",""c"",""d""]}",{}
679,record_71,true,"{""rule_1"":[""b"",""c""],""rule_2"":[""b"",""g""]}","{""rule_1"":""b"",""rule_2"":""g""}"
680,record_710,false,"{""rule_1"":[""a""],""rule_2"":[]}",{}
681,record_711,true,"{""rule_1"":[""a""],""rule_2"":[""b"",""c"",""d""]}","{""rule_1"":""a"",""rule_2"":""b""}"
682,record_712,false,"{""rule_1"":[""a""],""rule_2"":[]}",{}
683,record_713,true,"{""rule_1"":[""a""],""rule_2"":[""c"",""d""]}","{""rule_1"":""a"",""rule_2"":""c""}"
684,record_714,false,"{""rule_1"":[],""rule_2"":[]}",{}
685,record_715,true,"{""rule_1"":[""b"",""c""],""rule_2"":[""b"",""c"",""d""]}","{""rule_1"":""b"",""rule_2"":""c""}"
686,record_716,true,"{""rule_1"":[""c""],""rule_2"":[""b"",""c""]}","{""rule_1"":""c"",""rule_2"":""b""}"
687,record_717,false,"{""rule_1"":[],""rule_2"":[""a""]}",{}
688,record_718,true,"{""rule_1"":[""a""],""rule_2"":[""c""]}","{""rule_1"":""a"",""rule_2"":""c""}"
689,record_719,true,"{""rule_1"":[""a""],""rule_2"":[""d""]}","{""rule_1"":""a"",""rule_2"":""d""}"
690,record_72,false,"{""rule_1"":[],""rule_2"":[""b"",""e""]}",{}
691,record_720,true,"{""rule_1"":[""a""],""rule_2"":[""b"",""e""]}","{""rule_1"":""a"",""rule_2"":""b""}"
692,record_721,true,"{""rule_1"":[""b""],""rule_2"":[""a"",""c"",""f""]}","{""rule_1"":""b"",""rule_2"":""a""}"
693,record_722,false,"{""rule_1"":[],""rule_2"":[""c""]}",{}
694,record_723,true,"{""rule_1"":[""a""],""rule_2"":[""b""]}","{""rule_1"":""a"",""rule_2"":""b""}"
695,record_724,false,"{""rule_1"":[""b"",""c"",""d""],""rule_2"":[]}",{}
696,record_725,true,"{""rule_1"":[""c"",""d""],""rule_2"":[""b""]}","{""rule_1"":""c"",""rule_2"":""b""}"
697,record_726,true,"{""rule_1"":[""a"",""c""],""rule_2"":[""c""]}","{""rule_1"":""a"",""rule_2"":""c""}"
698,record_727,true,"{""rule_1"":[""a""],""rule_2"":[""c""]}","{""rule_1"":""a"",""rule_2"":""c""}"
699,record_728,false,"{""rule_1"":[""c""],""rule_2"":[""c""]}",{}
700,record_729,false,"{""rule_1"":[""c""],""rule_2"":[]}",{}
701,record_73,true,"{""rule_1"":[""a""],""rule_2"":[""b""]}","{""rule_1"":""a"",""rule_2"":""b""}"
702,record_730,false,"{""rule_1"":[],""rule_2"":[""c"",""d""]}",{}
703,record_731,false,"{""rule_1"":[],""rule_2"":[""a"",""b"",""c""]}",{}
704,record_732,false,"{""rule_1"":[],""rule_2"":[""b"",""c""]}",{}
705,record_733,false,"{""rule_1"":[],""rule_2"":[""g""]}",{}
706,record_734,false,"{""rule_1"":[],""rule_2"":[""b""]}",{}
707,record_735,true,"{""rule_1"":[""d""],""rule_2"":[""b""]}","{""rule_1"":""d"",""rule_2"":""b""}"
708,record_736,false,"{""rule_1"":[""c""],""rule_2"":[]}",{}
709,record_737,true,"{""rule_1"":[""a"",""c"",""e""],""rule_2"":[""c""]}","{""rule_1"":""a"",""rule_2"":""c""}"
710,record_738,true,"{""rule_1"":[""a"",""c""],""rule_2"":[""d""]}","{""rule_1"":""a"",""rule_2"":""d""}"
711,record_739,false,"{""rule_1"":[],""rule_2"":[]}",{}
712,record_74,false,"{""rule_1"":[],""rule_2"":[""b"",""e"",""f""]}",{}
713,record_740,true,"{""rule_1"":[""a""],""rule_2"":[""b"",""d""]}","{""rule_1"":""a"",""rule_2"":""b""}"
714,record_741,false,"{""rule_1"":[],""rule_2"":[]}",{}
715,record_742,false,"{""rule_1"":[""c""],""rule_2"":[""c""]}",{}
716,record_743,false,"{""rule_1"":[],""rule_2"":[]}",{}
717,record_744,false,"{""rule_1"":[],""rule_2"":[""c""]}",{}
718,record_745,true,"{""rule_1"":[""a""],""rule_2"":[""e""]}","{""rule_1"":""a"",""rule_2"":""e""}"
719,record_746,true,"{""rule_1"":[""a"",""d""],""rule_2"":[""b"",""d""]}","{""rule_1"":""a"",""rule_2"":""b""}"
720,record_747,true,"{""rule_1"":[""c"",""d""],""rule_2"":[""b"",""c""]}","{""rule_1"":""c"",""rule_2"":""b""}"
721,record_748,false,"{""rule_1"":[""b"",""c""],""rule_2"":[]}",{}
722,record_749,true,"{""rule_1"":[""b"",""d""],""rule_2"":[""b"",""c""]}","{""rule_1"":""b"",""rule_2"":""c""}"
723,record_75,false,"{""rule_1"":[],""rule_2"":[""d""]}",{}
724,record_750,false,"{""rule_1"":[""a"",""b""],""rule_2"":[]}",{}
725,record_751,true,"{""rule_1"":[""c""],""rule_2"":[""a"",""b""]}","{""rule_1"":""c"",""rule_2"":""a""}"
726,record_752,true,"{""rule_1"":[""a"",""d""],""rule_2"":[""b""]}","{""rule_1"":""a"",""rule_2"":""b""}"
727,record_753,false,"{""rule_1"":[""c""],""rule_2"":[]}",{}
728,record_754,true,"{""rule_1"":[""a"",""c""],""rule_2"":[""b"",""c""]}","{""rule_1"":""a"",""rule_2"":""b""}"
729,record_755,true,"{""rule_1"":[""c""],""rule_2"":[""b""]}","{""rule_1"":""c"",""rule_2"":""b""}"
730,record_756,true,"{""rule_1"":[""a""],""rule_2"":[""c"",""d"",""f""]}","{""rule_1"":""a"",""rule_2"":""c""}"
731,record_757,false,"{""rule_1"":[],""rule_2"":[]}",{}
732,record_758,true,"{""rule_1"":[""a""],""rule_2"":[""c"",""g""]}","{""rule_1"":""a"",""rule_2"":""c""}"
733,record_759,true,"{""rule_1"":[""a""],""rule_2"":[""c""]}","{""rule_1"":""a"",""rule_2"":""c""}"
734,record_76,true,"{""rule_1"":[""d""],""rule_2"":[""c""]}","{""rule_1"":""d"",""rule_2"":""c""}"
735,record_760,true,"{""rule_1"":[""a"",""c""],""rule_2"":[""b"",""e"",""f"",""g""]}","{""rule_1"":""a"",""rule_2"":""b""}"
736,record_761,true,"{""rule_1"":[""a""],""rule_2"":[""b""]}","{""rule_1"":""a"",""rule_2"":""b""}"
737,record_762,false,"{""rule_1"":[],""rule_2"":[""b""]}",{}
738,record_763,false,"{""rule_1"":[],""rule_2"":[""c""]}",{}
739,record_764,true,"{""rule_1"":[""a"",""c""],""rule_2"":[""c""]}","{""rule_1"":""a"",""rule_2"":""c""}"
740,record_765,true,"{""rule_1"":[""c""],""rule_2"":[""c"",""d""]}","{""rule_1"":""c"",""rule_2"":""d""}"
741,record_766,true,"{""rule_1"":[""a""],""rule_2"":[""a"",""c""]}","{""rule_1"":""a"",""rule_2"":""c""}"
742,record_767,true,"{""rule_1"":[""a""],""rule_2"":[""c"",""d""]}","{""rule_1"":""a"",""rule_2"":""c""}"
743,record_768,true,"{""rule_1"":[""a"",""d""],""rule_2"":[""a"",""b""]}","{""rule_1"":""a"",""rule_2"":""b""}"
744,record_769,true,"{""rule_1"":[""a"",""c""],""rule_2"":[""c""]}","{""rule_1"":""a"",""rule_2"":""c""}"
745,record_77,true,"{""rule_1"":[""a""],""rule_2"":[""c"",""d"",""e""]}","{""rule_1"":""a"",""rule_2"":""c""}"
746,record_770,false,"{""rule_1"":[""d""],""rule_2"":[]}",{}
747,record_771,true,"{""rule_1"":[""a"",""c""],""rule_2"":[""b"",""c""]}","{""rule_1"":""a"",""rule_2"":""b""}"
748,record_772,false,"{""rule_1"":[""b""],""rule_2"":[]}",{}
749,record_773,true,"{""rule_1"":[""a""],""rule_2"":[""b"",""c""]}","{""rule_1"":""a"",""rule_2"":""b""}"
750,record_774,false,"{""rule_1"":[""b"",""d""],""rule_2"":[]}",{}
751,record_775,false,"{""rule_1"":[],""rule_2"":[""e""]}",{}
752,record_776,true,"{""rule_1"":[""c""],""rule_2"":[""b"",""c""]}","{""rule_1"":""c"",""rule_2"":""b""}"
753,record_777,false,"{""rule_1"":[],""rule_2"":[""b""]}",{}
754,record_778,false,"{""rule_1"":[""b""],""rule_2"":[]}",{}
755,record_779,true,"{""rule_1"":[""c""],""rule_2"":[""b""]}","{""rule_1"":""c"",""rule_2"":""b""}"
756,record_78,false,"{""rule_1"":[""c""],""rule_2"":[""c""]}",{}
757,record_780,true,"{""rule_1"":[""c"",""f""],""rule_2"":[""b""]}","{""rule_1"":""c"",""rule_2"":""b""}"
758,record_781,false,"{""rule_1"":[""a"",""b""],""rule_2"":[]}",{}
759,record_782,true,"{""rule_1"":[""a"",""c""],""rule_2"":[""b"",""c"",""d""]}","{""rule_1"":""a"",""rule_2"":""b""}"
760,record_783,false,"{""rule_1"":[""a""],""rule_2"":[]}",{}
761,record_784,true,"{""rule_1"":[""a""],""rule_2"":[""a"",""c""]}","{""rule_1"":""a"",""rule_2"":""c""}"
762,record_785,false,"{""rule_1"":[],""rule_2"":[""d""]}",{}
763,record_786,false,"{""rule_1"":[],""rule_2"":[]}",{}
764,record_787,false,"{""rule_1"":[""a""],""rule_2"":[""a""]}",{}
765,record_788,false,"{""rule_1"":[],""rule_2"":[""d""]}",{}
766,record_789,false,"{""rule_1"":[],""rule_2"":[]}",{}
767,record_79,true,"{""rule_1"":[""c""],""rule_2"":[""g""]}","{""rule_1"":""c"",""rule_2"":""g""}"
768,record_790,true,"{""rule_1"":[""a"",""d""],""rule_2"":[""b"",""e""]}","{""rule_1"":""a"",""rule_2"":""b""}"
769,record_791,true,"{""rule_1"":[""a"",""d""],""rule_2"":[""d""]}","{""rule_1"":""a"",""rule_2"":""d""}"
770,record_792,false,"{""rule_1"":[""b""],""rule_2"":[""b""]}",{}
771,record_793,false,"{""rule_1"":[],""rule_2"":[]}",{}
772,record_794,false,"{""rule_1"":[],""rule_2"":[""b"",""g""]}",{}
773,record_795,false,"{""rule_1"":[],""rule_2"":[""f""]}",{}
774,record_796,true,"{""rule_1"":[""a""],""rule_2"":[""b"",""c"",""h""]}","{""rule_1"":""a"",""rule_2"":""b""}"
775,record_797,true,"{""rule_1"":[""a"",""c""],""rule_2"":[""b"",""c""]}","{""rule_1"":""a"",""rule_2"":""b""}"
776,record_798,true,"{""rule_1"":[""a"",""c""],""rule_2"":[""b"",""c""]}","{""rule_1"":""a"",""rule_2"":""b""}"
777,record_799,true,"{""rule_1"":[""c""],""rule_2"":[""b"",""c"",""e""]}","{""rule_1"":""c"",""rule_2"":""b""}"
778,record_8,true,"{""rule_1"":[""g""],""rule_2"":[""b"",""d"",""g""]}","{""rule_1"":""g"",""rule_2"":""b""}"
779,record_80,false,"{""rule_1"":[],""rule_2"":[""b"",""c"",""d""]}",{}
780,record_800,true,"{""rule_1"":[""a"",""b""],""rule_2"":[""e""]}","{""rule_1"":""a"",""rule_2"":""e""}"
781,record_801,true,"{""rule_1"":[""a""],""rule_2"":[""b"",""c""]}","{""rule_1"":""a"",""rule_2"":""b""}"
782,record_802,false,"{""rule_1"":[""c""],""rule_2"":[]}",{}
783,record_803,false,"{""rule_1"":[""c"",""d""],""rule_2"":[]}",{}
784,record_804,true,"{""rule_1"":[""c""],""rule_2"":[""b"",""c""]}","{""rule_1"":""c"",""rule_2"":""b""}"
785,record_805,true,"{""rule_1"":[""a""],""rule_2"":[""c"",""e""]}","{""rule_1"":""a"",""rule_2"":""c""}"
786,record_806,true,"{""rule_1"":[""b"",""c""],""rule_2"":[""b"",""c""]}","{""rule_1"":""b"",""rule_2"":""c""}"
787,record_807,true,"{""rule_1"":[""c"",""d""],""rule_2"":[""b""]}","{""rule_1"":""c"",""rule_2"":""b""}"
788,record_808,true,"{""rule_1"":[""b"",""d""],""rule_2"":[""c"",""f""]}","{""rule_1"":""b"",""rule_2"":""c""}"
789,record_809,false,"{""rule_1"":[],""rule_2"":[]}",{}
790,record_81,true,"{""rule_1"":[""a""],""rule_2"":[""c""]}","{""rule_1"":""a"",""rule_2"":""c""}"
791,record_810,false,"{""rule_1"":[],""rule_2"":[""h""]}",{}
792,record_811,false,"{""rule_1"":[""a"",""c""],""rule_2"":[]}",{}
793,record_812,false,"{""rule_1"":[""b""],""rule_2"":[]}",{}
794,record_813,false,"{""rule_1"":[],""rule_2"":[""d""]}",{}
795,record_814,false,"{""rule_1"":[""c"",""d""],""rule_2"":[]}",{}
796,record_815,false,"{""rule_1"":[],""rule_2"":[""f""]}",{}
797,record_816,true,"{""rule_1"":[""c""],""rule_2"":[""d""]}","{""rule_1"":""c"",""rule_2"":""d""}"
798,record_817,true,"{""rule_1"":[""b""],""rule_2"":[""g""]}","{""rule_1"":""b"",""rule_2"":""g""}"
799,record_818,true,"{""rule_1"":[""a""],""rule_2"":[""c"",""g""]}","{""rule_1"":""a"",""rule_2"":""c""}"
800,record_819,true,"{""rule_1"":[""d""],""rule_2"":[""c""]}","{""rule_1"":""d"",""rule_2"":""c""}"
801,record_82,true,"{""rule_1"":[""a"",""d""],""rule_2"":[""b"",""c"",""d""]}","{""rule_1"":""a"",""rule_2"":""b""}"
802,record_820,false,"{""rule_1"":[],""rule_2"":[]}",{}
803,record_821,false,"{""rule_1"":[],""rule_2"":[""c"",""d"",""e""]}",{}
804,record_822,true,"{""rule_1"":[""a"",""c""],""rule_2"":[""b"",""c""]}","{""rule_1"":""a"",""rule_2"":""b""}"
805,record_823,false,"{""rule_1"":[""d""],""rule_2"":[]}",{}
806,record_824,false,"{""rule_1"":[],""rule_2"":[]}",{}
807,record_825,false,"{""rule_1"":[""b"",""c""],""rule_2"":[]}",{}
808,record_826,true,"{""rule_1"":[""b"",""c""],""rule_2"":[""c"",""f"",""g""]}","{""rule_1"":""b"",""rule_2"":""c""}"
809,record_827,false,"{""rule_1"":[""a""],""rule_2"":[]}",{}
810,record_828,false,"{""rule_1"":[""a"",""d""],""rule_2"":[]}",{}
811,record_829,false,"{""rule_1"":[],""rule_2"":[]}",{}
812,record_83,false,"{""rule_1"":[],""rule_2"":[]}",{}
813,record_830,false,"{""rule_1"":[],""rule_2"":[""d"",""h""]}",{}
814,record_831,true,"{""rule_1"":[""a"",""b"",""c""],""rule_2"":[""c""]}","{""rule_1"":""a"",""rule_2"":""c""}"
815,record_832,true,"{""rule_1"":[""a"",""c""],""rule_2"":[""c""]}","{""rule_1"":""a"",""rule_2"":""c""}"
816,record_833,true,"{""rule_1"":[""a"",""b"",""c""],""rule_2"":[""b"",""c""]}","{""rule_1"":""a"",""rule_2"":""b""}"
817,record_834,true,"{""rule_1"":[""a"",""c"",""f""],""rule_2"":[""c""]}","{""rule_1"":""a"",""rule_2"":""c""}"
818,record_835,false,"{""rule_1"":[""b"",""c""],""rule_2"":[]}",{}
819,record_836,false,"{""rule_1"":[],""rule_2"":[""b"",""c"",""f""]}",{}
820,record_837,true,"{""rule_1"":[""c""],""rule_2"":[""b"",""c"",""d""]}","{""rule_1"":""c"",""rule_2"":""b""}"
821,record_838,false,"{""rule_1"":[],""rule_2"":[""a""]}",{}
822,record_839,false,"{""rule_1"":[],""rule_2"":[]}",{}
823,record_84,false,"{""rule_1"":[],""rule_2"":[""d""]}",{}
824,record_840,false,"{""rule_1"":[],""rule_2"":[]}",{}
825,record_841,false,"{""rule_1"":[],""rule_2"":[""b""]}",{}
826,record_842,true,"{""rule_1"":[""a""],""rule_2"":[""e"",""g""]}","{""rule_1"":""a"",""rule_2"":""e""}"
827,record_843,true,"{""rule_1"":[""a"",""c""],""rule_2"":[""b""]}","{""rule_1"":""a"",""rule_2"":""b""}"
828,record_844,false,"{""rule_1"":[""c""],""rule_2"":[""c""]}",{}
829,record_845,false,"{""rule_1"":[""a""],""rule_2"":[]}",{}
830,record_846,false,"{""rule_1"":[],""rule_2"":[""b""]}",{}
831,record_847,false,"{""rule_1"":[""b""],""rule_2"":[""b""]}",{}
832,record_848,true,"{""rule_1"":[""a""],""rule_2"":[""b""]}","{""rule_1"":""a"",""rule_2"":""b""}"
833,record_849,true,"{""rule_1"":[""c""],""rule_2"":[""g""]}","{""rule_1"":""c"",""rule_2"":""g""}"
834,record_85,false,"{""rule_1"":[""b"",""c""],""rule_2"":[]}",{}
835,record_850,true,"{""rule_1"":[""a"",""c""],""rule_2"":[""b""]}","{""rule_1"":""a"",""rule_2"":""b""}"
836,record_851,false,"{""rule_1"":[],""rule_2"":[]}",{}
837,record_852,true,"{""rule_1"":[""a"",""c""],""rule_2"":[""c""]}","{""rule_1"":""a"",""rule_2"":""c""}"
838,record_853,false,"{""rule_1"":[],""rule_2"":[""b"",""d"",""e""]}",{}
839,record_854,false,"{""rule_1"":[""a""],""rule_2"":[]}",{}
840,record_855,false,"{""rule_1"":[""a""],""rule_2"":[]}",{}
841,record_856,true,"{""rule_1"":[""a"",""d""],""rule_2"":[""g""]}","{""rule_1"":""a"",""rule_2"":""g""}"
842,record_857,false,"{""rule_1"":[""c""],""rule_2"":[""c""]}",{}
843,record_858,false,"{""rule_1"":[],""rule_2"":[]}",{}
844,record_859,false,"{""rule_1"":[],""rule_2"":[""b"",""c"",""d""]}",{}
845,record_86,true,"{""rule_1"":[""a""],""rule_2"":[""a"",""b"",""e""]}","{""rule_1"":""a"",""rule_2"":""b""}"
846,record_860,false,"{""rule_1"":[""a""],""rule_2"":[]}",{}
847,record_861,false,"{""rule_1"":[""a""],""rule_2"":[]}",{}
848,record_862,true,"{""rule_1"":[""a"",""d""],""rule_2"":[""c""]}","{""rule_1"":""a"",""rule_2"":""c""}"
849,record_863,false,"{""rule_1"":[""a""],""rule_2"":[]}",{}
850,record_864,false,"{""rule_1"":[""b""],""rule_2"":[""b""]}",{}
851,record_865,false,"{""rule_1"":[],""rule_2"":[]}",{}
852,record_866,false,"{""rule_1"":[],""rule_2"":[""b"",""g""]}",{}
853,record_867,true,"{""rule_1"":[""a"",""c""],""rule_2"":[""c""]}","{""rule_1"":""a"",""rule_2"":""c""}"
854,record_868,false,"{""rule_1"":[],""rule_2"":[""b"",""c""]}",{}
855,record_869,true,"{""rule_1"":[""d""],""rule_2"":[""c""]}","{""rule_1"":""d"",""rule_2"":""c""}"
856,record_87,true,"{""rule_1"":[""b"",""d""],""rule_2"":[""b""]}","{""rule_1"":""d"",""rule_2"":""b""}"
857,record_870,true,"{""rule_1"":[""a"",""c"",""e""],""rule_2"":[""c"",""e""]}","{""rule_1"":""a"",""rule_2"":""c""}"
858,record_871,false,"{""rule_1"":[],""rule_2"":[]}",{}
859,record_872,false,"{""rule_1"":[],""rule_2"":[]}",{}
860,record_873,false,"{""rule_1"":[],""rule_2"":[""b""]}",{}
861,record_874,true,"{""rule_1"":[""d""],""rule_2"":[""b""]}","{""rule_1"":""d"",""rule_2"":""b""}"
862,record_875,false,"{""rule_1"":[],""rule_2"":[""b"",""c"",""d""]}",{}
863,record_876,false,"{""rule_1"":[""c""],""rule_2"":[]}",{}
864,record_877,false,"{""rule_1"":[""a""],""rule_2"":[]}",{}
865,record_878,true,"{""rule_1"":[""a""],""rule_2"":[""c""]}","{""rule_1"":""a"",""rule_2"":""c""}"
866,record_879,true,"{""rule_1"":[""a"",""c""],""rule_2"":[""b""]}","{""rule_1"":""a"",""rule_2"":""b""}"
867,record_88,true,"{""rule_1"":[""a""],""rule_2"":[""c""]}","{""rule_1"":""a"",""rule_2"":""c""}"
868,record_880,false,"{""rule_1"":[""a"",""c""],""rule_2"":[]}",{}
869,record_881,false,"{""rule_1"":[""c""],""rule_2"":[""c""]}",{}
870,record_882,true,"{""rule_1"":[""a"",""d""],""rule_2"":[""b"",""c""]}","{""rule_1"":""a"",""rule_2"":""b""}"
871,record_883,false,"{""rule_1"":[],""rule_2"":[""b""]}",{}
872,record_884,false,"{""rule_1"":[],""rule_2"":[""b"",""c""]}",{}
873,record_885,false,"{""rule_1"":[],""rule_2"":[""d""]}",{}
874,record_886,false,"{""rule_1"":[],""rule_2"":[]}",{}
875,record_887,false,"{""rule_1"":[],""rule_2"":[]}",{}
876,record_888,true,"{""rule_1"":[""a""],""rule_2"":[""b""]}","{""rule_1"":""a"",""rule_2"":""b""}"
877,record_889,false,"{""rule_1"":[],""rule_2"":[""b"",""c""]}",{}
878,record_89,true,"{""rule_1"":[""d"",""e""],""rule_2"":[""b"",""c""]}","{""rule_1"":""d"",""rule_2"":""b""}"
879,record_890,false,"{""rule_1"":[""a""],""rule_2"":[]}",{}
880,record_891,true,"{""rule_1"":[""c""],""rule_2"":[""c"",""d""]}","{""rule_1"":""c"",""rule_2"":""d""}"
881,record_892,false,"{""rule_1"":[""c"",""d""],""rule_2"":[]}",{}
882,record_893,false,"{""rule_1"":[],""rule_2"":[""a""]}",{}
883,record_894,true,"{""rule_1"":[""a"",""c""],""rule_2"":[""a"",""b"",""d""]}","{""rule_1"":""a"",""rule_2"":""b""}"
884,record_895,false,"{""rule_1"":[""a"",""b""],""rule_2"":[]}",{}
885,record_896,false,"{""rule_1"":[],""rule_2"":[""b"",""d""]}",{}
886,record_897,false,"{""rule_1"":[],""rule_2"":[""d""]}",{}
887,record_898,false,"{""rule_1"":[""b""],""rule_2"":[]}",{}
888,record_899,true,"{""rule_1"":[""c""],""rule_2"":[""c"",""d""]}","{""rule_1"":""c"",""rule_2"":""d""}"
889,record_9,false,"{""rule_1"":[""a""],""rule_2"":[]}",{}
890,record_90,false,"{""rule_1"":[""a"",""c""],""rule_2"":[]}",{}
891,record_900,false,"{""rule_1"":[""c""],""rule_2"":[""c""]}",{}
892,record_901,false,"{""rule_1"":[""a"",""e""],""rule_2"":[]}",{}
893,record_902,true,"{""rule_1"":[""c""],""rule_2"":[""b"",""c""]}","{""rule_1"":""c"",""rule_2"":""b""}"
894,record_903,false,"{""rule_1"":[],""rule_2"":[]}",{}
895,record_904,false,"{""rule_1"":[""a"",""d""],""rule_2"":[]}",{}
896,record_905,false,"{""rule_1"":[""c""],""rule_2"":[]}",{}
897,record_906,false,"{""rule_1"":[""c""],""rule_2"":[""c""]}",{}
898,record_907,false,"{""rule_1"":[],""rule_2"":[""b""]}",{}
899,record_908,true,"{""rule_1"":[""a"",""c""],""rule_2"":[""b"",""c""]}","{""rule_1"":""a"",""rule_2"":""b""}"
900,record_909,true,"{""rule_1"":[""a""],""rule_2"":[""e""]}","{""rule_1"":""a"",""rule_2"":""e""}"
901,record_91,true,"{""rule_1"":[""c""],""rule_2"":[""d""]}","{""rule_1"":""c"",""rule_2"":""d""}"
902,record_910,false,"{""rule_1"":[],""rule_2"":[]}",{}
903,record_911,true,"{""rule_1"":[""a"",""c""],""rule_2"":[""b"",""c"",""d""]}","{""rule_1"":""a"",""rule_2"":""b""}"
904,record_912,false,"{""rule_1"":[],""rule_2"":[]}",{}
905,record_913,true,"{""rule_1"":[""e""],""rule_2"":[""a"",""e""]}","{""rule_1"":""e"",""rule_2"":""a""}"
906,record_914,true,"{""rule_1"":[""b""],""rule_2"":[""d"",""g""]}","{""rule_1"":""b"",""rule_2"":""d""}"
907,record_915,true,"{""rule_1"":[""d""],""rule_2"":[""b""]}","{""rule_1"":""d"",""rule_2"":""b""}"
908,record_916,true,"{""rule_1"":[""c"",""d""],""rule_2"":[""b""]}","{""rule_1"":""c"",""rule_2"":""b""}"
909,record_917,false,"{""rule_1"":[],""rule_2"":[""b""]}",{}
910,record_918,true,"{""rule_1"":[""c"",""e""],""rule_2"":[""c"",""g""]}","{""rule_1"":""c"",""rule_2"":""g""}"
911,record_919,true,"{""rule_1"":[""a""],""rule_2"":[""b""]}","{""rule_1"":""a"",""rule_2"":""b""}"
912,record_92,false,"{""rule_1"":[],""rule_2"":[]}",{}
913,record_920,false,"{""rule_1"":[],""rule_2"":[""a""]}",{}
914,record_921,false,"{""rule_1"":[],""rule_2"":[""b""]}",{}
915,record_922,true,"{""rule_1"":[""c"",""d""],""rule_2"":[""c""]}","{""rule_1"":""d"",""rule_2"":""c""}"
916,record_923,true,"{""rule_1"":[""a"",""b"",""c""],""rule_2"":[""b""]}","{""rule_1"":""a"",""rule_2"":""b""}"
917,record_924,true,"{""rule_1"":[""c""],""rule_2"":[""b""]}","{""rule_1"":""c"",""rule_2"":""b""}"
918,record_925,true,"{""rule_1"":[""a""],""rule_2"":[""a"",""b""]}","{""rule_1"":""a"",""rule_2"":""b""}"
919,record_926,false,"{""rule_1"":[""c""],""rule_2"":[""c""]}",{}
920,record_927,false,"{""rule_1"":[""a""],""rule_2"":[]}",{}
921,record_928,true,"{""rule_1"":[""a"",""b""],""rule_2"":[""b""]}","{""rule_1"":""a"",""rule_2"":""b""}"
922,record_929,true,"{""rule_1"":[""c""],""rule_2"":[""d""]}","{""rule_1"":""c"",""rule_2"":""d""}"
923,record_93,false,"{""rule_1"":[],""rule_2"":[""b"",""c""]}",{}
924,record_930,true,"{""rule_1"":[""a"",""d""],""rule_2"":[""d"",""f""]}","{""rule_1"":""a"",""rule_2"":""d""}"
925,record_931,false,"{""rule_1"":[],""rule_2"":[]}",{}
926,record_932,false,"{""rule_1"":[],""rule_2"":[""b""]}",{}
927,record_933,false,"{""rule_1"":[],""rule_2"":[""b""]}",{}
928,record_934,false,"{""rule_1"":[],""rule_2"":[""b"",""c"",""d""]}",{}
929,record_935,true,"{""rule_1"":[""a"",""c"",""d""],""rule_2"":[""e""]}","{""rule_1"":""a"",""rule_2"":""e""}"
930,record_936,false,"{""rule_1"":[],""rule_2"":[""d""]}",{}
931,record_937,false,"{""rule_1"":[],""rule_2"":[]}",{}
932,record_938,false,"{""rule_1"":[],""rule_2"":[""h""]}",{}
933,record_939,false,"{""rule_1"":[],""rule_2"":[""c"",""h""]}",{}
934,record_94,false,"{""rule_1"":[],""rule_2"":[""b""]}",{}
935,record_940,false,"{""rule_1"":[""a"",""c""],""rule_2"":[]}",{}
936,record_941,false,"{""rule_1"":[],""rule_2"":[""h""]}",{}
937,record_942,true,"{""rule_1"":[""a"",""d""],""rule_2"":[""b"",""c"",""d""]}","{""rule_1"":""a"",""rule_2"":""b""}"
938,record_943,false,"{""rule_1"":[""c""],""rule_2"":[]}",{}
939,record_944,true,"{""rule_1"":[""a"",""b"",""c""],""rule_2"":[""b"",""c""]}","{""rule_1"":""a"",""rule_2"":""b""}"
940,record_945,false,"{""rule_1"":[],""rule_2"":[""a""]}",{}
941,record_946,false,"{""rule_1"":[""a"",""d""],""rule_2"":[]}",{}
942,record_947,true,"{""rule_1"":[""a"",""c""],""rule_2"":[""b"",""c"",""d""]}","{""rule_1"":""a"",""rule_2"":""b""}"
943,record_948,false,"{""rule_1"":[""a"",""g""],""rule_2"":[]}",{}
944,record_949,false,"{""rule_1"":[""c""],""rule_2"":[]}",{}
945,record_95,false,"{""rule_1"":[],""rule_2"":[""a""]}",{}
946,record_950,false,"{""rule_1"":[],""rule_2"":[""c""]}",{}
947,record_951,true,"{""rule_1"":[""c""],""rule_2"":[""b""]}","{""rule_1"":""c"",""rule_2"":""b""}"
948,record_952,true,"{""rule_1"":[""c""],""rule_2"":[""b"",""e""]}","{""rule_1"":""c"",""rule_2"":""b""}"
949,record_953,false,"{""rule_1"":[],""rule_2"":[]}",{}
950,record_954,false,"{""rule_1"":[],""rule_2"":[]}",{}
951,record_955,true,"{""rule_1"":[""a"",""b""],""rule_2"":[""a"",""b"",""c""]}","{""rule_1"":""a"",""rule_2"":""b""}"
952,record_956,false,"{""rule_1"":[],""rule_2"":[]}",{}
953,record_957,true,"{""rule_1"":[""b"",""d""],""rule_2"":[""b"",""c"",""e""]}","{""rule_1"":""b"",""rule_2"":""c""}"
954,record_958,false,"{""rule_1"":[""a"",""c""],""rule_2"":[]}",{}
955,record_959,false,"{""rule_1"":[],""rule_2"":[""d"",""f"",""g""]}",{}
956,record_96,false,"{""rule_1"":[""c""],""rule_2"":[""c""]}",{}
957,record_960,false,"{""rule_1"":[""c""],""rule_2"":[]}",{}
958,record_961,false,"{""rule_1"":[],""rule_2"":[""b"",""c"",""d""]}",{}
959,record_962,true,"{""rule_1"":[""a"",""c""],""rule_2"":[""c""]}","{""rule_1"":""a"",""rule_2"":""c""}"
960,record_963,true,"{""rule_1"":[""d""],""rule_2"":[""b""]}","{""rule_1"":""d"",""rule_2"":""b""}"
961,record_964,false,"{""rule_1"":[""c""],""rule_2"":[]}",{}
962,record_965,true,"{""rule_1"":[""c""],""rule_2"":[""d""]}","{""rule_1"":""c"",""rule_2"":""d""}"
963,record_966,false,"{""rule_1"":[],""rule_2"":[""a""]}",{}
964,record_967,true,"{""rule_1"":[""c""],""rule_2"":[""b""]}","{""rule_1"":""c"",""rule_2"":""b""}"
965,record_968,true,"{""rule_1"":[""a"",""c""],""rule_2"":[""b""]}","{""rule_1"":""a"",""rule_2"":""b""}"
966,record_969,false,"{""rule_1"":[""c"",""d"",""f""],""rule_2"":[]}",{}
967,record_97,false,"{""rule_1"":[],""rule_2"":[]}",{}
968,record_970,false,"{""rule_1"":[],""rule_2"":[]}",{}
969,record_971,false,"{""rule_1"":[""b"",""c""],""rule_2"":[]}",{}
970,record_972,false,"{""rule_1"":[""a"",""e""],""rule_2"":[]}",{}
971,record_973,false,"{""rule_1"":[""d""],""rule_2"":[]}",{}
972,record_974,false,"{""rule_1"":[""d""],""rule_2"":[]}",{}
973,record_975,true,"{""rule_1"":[""e""],""rule_2"":[""a""]}","{""rule_1"":""e"",""rule_2"":""a""}"
974,record_976,false,"{""rule_1"":[],""rule_2"":[]}",{}
975,record_977,false,"{""rule_1"":[""b""],""rule_2"":[]}",{}
976,record_978,true,"{""rule_1"":[""a""],""rule_2"":[""c"",""e"",""f"",""g""]}","{""rule_1"":""a"",""rule_2"":""c""}"
977,record_979,false,"{""rule_1"":[""a"",""d""],""rule_2"":[]}",{}
978,record_98,true,"{""rule_1"":[""a"",""d"",""f""],""rule_2"":[""f""]}","{""rule_1"":""a"",""rule_2"":""f""}"
979,record_980,false,"{""rule_1"":[],""rule_2"":[]}",{}
980,record_981,false,"{""rule_1"":[],""rule_2"":[""d""]}",{}
981,record_982,false,"{""rule_1"":[],""rule_2"":[]}",{}
982,record_983,false,"{""rule_1"":[""d""],""rule_2"":[]}",{}
983,record_984,false,"{""rule_1"":[],""rule_2"":[]}",{}
984,record_985,false,"{""rule_1"":[],""rule_2"":[""c""]}",{}
985,record_986,false,"{""rule_1"":[""c""],""rule_2"":[""c""]}",{}
986,record_987,false,"{""rule_1"":[],""rule_2"":[]}",{}
987,record_988,true,"{""rule_1"":[""d""],""rule_2"":[""b"",""d""]}","{""rule_1"":""d"",""rule_2"":""b""}"
988,record_989,false,"{""rule_1"":[],""rule_2"":[""c""]}",{}
989,record_99,true,"{""rule_1"":[""c""],""rule_2"":[""d""]}","{""rule_1"":""c"",""rule_2"":""d""}"
990,record_990,true,"{""rule_1"":[""b"",""c"",""d""],""rule_2"":[""d""]}","{""rule_1"":""b"",""rule_2"":""d""}"
991,record_991,true,"{""rule_1"":[""c""],""rule_2"":[""b"",""c"",""g""]}","{""rule_1"":""c"",""rule_2"":""b""}"
992,record_992,true,"{""rule_1"":[""a"",""c""],""rule_2"":[""b"",""c""]}","{""rule_1"":""a"",""rule_2"":""b""}"
993,record_993,true,"{""rule_1"":[""c"",""d""],""rule_2"":[""b""]}","{""rule_1"":""c"",""rule_2"":""b""}"
994,record_994,false,"{""rule_1"":[""b""],""rule_2"":[]}",{}
995,record_995,false,"{""rule_1"":[""b""],""rule_2"":[""b""]}",{}
996,record_996,true,"{""rule_1"":[""b"",""c""],""rule_2"":[""b""]}","{""rule_1"":""c"",""rule_2"":""b""}"
997,record_997,true,"{""rule_1"":[""c""],""rule_2"":[""b"",""c""]}","{""rule_1"":""c"",""rule_2"":""b""}"
998,record_998,false,"{""rule_1"":[],""rule_2"":[""c"",""h""]}",{}
999,record_999,true,"{""rule_1"":[""a"",""d""],""rule_2"":[""d""]}","{""rule_1"":""a"",""rule_2"":""d""}"
